,Unnamed: 0,id,conversation_id,created_at,date,timezone,place,tweet,language,hashtags,cashtags,user_id,user_id_str,username,name,day,hour,link,urls,photos,video,thumbnail,retweet,nlikes,nreplies,nretweets,quote_url,search,near,geo,source,user_rt_id,user_rt,retweet_id,reply_to,retweet_date,translate,trans_src,trans_dest,cleaned_tweets,Polarity,Sentiment
0,0,1463786969826140160,1463786969826140160,1637828984000.0,2021-11-25 03:29:44,-500,,#BombayHC commutes to life term death penalty awarded to three in 2013 #ShaktiMills #gangrapecase #VijayJadhav #MohammadQasimShaikh #MohammadAnsari #lifeimprisonment #Mumbai #deathpenalty   https://t.co/zz2IPaBErl,en,"['bombayhc', 'shaktimills', 'gangrapecase', 'vijayjadhav', 'mohammadqasimshaikh', 'mohammadansari', 'lifeimprisonment', 'mumbai', 'deathpenalty']",[],1168043884246515712,1168043884246515712,the_news_21,TheNews21,4,3,https://twitter.com/the_news_21/status/1463786969826140160,['https://bit.ly/3cKer7h'],[],0,,False,0,0,0,,None,,,,,,,[],,,,,bombayhc commutes to life term death penalty awarded to three in 2013 shaktimills gangrapecase vijayjadhav mohammadqasimshaikh mohammadansari lifeimprisonment mumbai deathpenalty ,0.0,neutral
1,1,1463779498571317252,1463779498571317252,1637827202000.0,2021-11-25 03:00:02,-500,,EARLY DEATH. Iranian #ArmanAbdolali is the second juvenile offender to be executed this year. His case follows the pattern of child offenders convicted after a flawed trial and on the basis of forced confessions. #deathpenalty #HumanRights @UNHumanRights  https://t.co/DZw342YyW5  https://t.co/hdKfxzDJj9,en,"['armanabdolali', 'deathpenalty', 'humanrights']",[],1182344924391514112,1182344924391514112,RightsCorridor,Rights Corridor,4,3,https://twitter.com/RightsCorridor/status/1463779498571317252,['https://rightscorridor.com/execution-of-juvenile-offender-in-iran-deeply-alarming-and-shocking-un/'],['https://pbs.twimg.com/media/FFBbLGiXsAQrFVq.jpg'],1,https://pbs.twimg.com/media/FFBbLGiXsAQrFVq.jpg,False,0,0,0,,None,,,,,,,[],,,,,early death iranian armanabdolali is the second juvenile offender to be executed this year his case follows the pattern of child offenders convicted after a flawed trial and on the basis of forced confessions deathpenalty humanrights ,-0.19,negative
2,2,1463775731343933443,1463775731343933443,1637826304000.0,2021-11-25 02:45:04,-500,,"Sorrow&amp;disappointment at the news that, in spite of numerous pleas, #ArmanAbdolali has been executed in #Iran for an alleged crime committed when he was a minor &amp; to which he confessed under torture. #DeathPenalty must be abolished as a cruel, inhuman &amp; degrading punishment.",en,"['armanabdolali', 'iran', 'deathpenalty']",[],1443128770211221506,1443128770211221506,LtAmbHumR,Andrius Krivas,4,2,https://twitter.com/LtAmbHumR/status/1463775731343933443,[],[],0,,False,12,0,9,https://twitter.com/LtAmbHumR/status/1450424118617198598,None,,,,,,,[],,,,,sorrowampdisappointment at the news that in spite of numerous pleas armanabdolali has been executed in iran for an alleged crime committed when he was a minor amp to which he confessed under torture deathpenalty must be abolished as a cruel inhuman amp degrading punishment,-0.2875,negative
3,3,1463769616619085827,1463769616619085827,1637824846000.0,2021-11-25 02:20:46,-500,,"The youths need to realise that the #DeathPenalty for #corruption is the only way out of the mess our country is in. Forget NUP, NRM, Bobi Wine, Museveni, etc. Let's advocate for the death Penalty for corruption. It won't matter who is in power. Order shall be restored.ğŸ‘ŒğŸ½",en,"['deathpenalty', 'corruption']",[],1019910990429851648,1019910990429851648,SonOfTheLand01,Son of Africa ğŸ‡ºğŸ‡¬ğŸ‡ºğŸ‡²,4,2,https://twitter.com/SonOfTheLand01/status/1463769616619085827,[],[],0,,False,5,0,1,,None,,,,,,,[],,,,,the youths need to realise that the deathpenalty for corruption is the only way out of the mess our country is in forget nup nrm bobi wine museveni etc lets advocate for the death penalty for corruption it wont matter who is in power order shall be restoredğŸ‘ŒğŸ½,-0.0875,neutral
4,4,1463760797792755712,1463760797792755712,1637822744000.0,2021-11-25 01:45:44,-500,,#BombayHighCourt set aside the #deathpenalty awarded to 3convicts in the #ShaktiMillsRapeCase observing that constitutional courts should follow procedure &amp; not award capital punishments based on #PublicOpinion.   https://t.co/xDCqV42N15,en,"['bombayhighcourt', 'deathpenalty', 'shaktimillsrapecase', 'publicopinion']",[],138507317,138507317,riotsjain,Ritika Jain,4,1,https://twitter.com/riotsjain/status/1463760797792755712,['https://www.boomlive.in/law/bombay-high-court-shakti-mills-rape-case-death-penalty-15734'],[],0,,False,1,0,0,,None,,,,,,,[],,,,,bombayhighcourt set aside the deathpenalty awarded to 3convicts in the shaktimillsrapecase observing that constitutional courts should follow procedure amp not award capital punishments based on publicopinion ,0.0,neutral
5,5,1463760699348242432,1463760699348242432,1637822720000.0,2021-11-25 01:45:20,-500,,#BombayHighCourt set aside the #deathpenalty awarded to 3 convicts in the #ShaktiMillsRapeCase observing that constitutional courts should not award capital punishments based on public opinion.   https://t.co/6e4ROAPsny,en,"['bombayhighcourt', 'deathpenalty', 'shaktimillsrapecase']",[],2392031700,2392031700,boomlive_in,BOOM Live,4,1,https://twitter.com/boomlive_in/status/1463760699348242432,['https://www.boomlive.in/law/bombay-high-court-shakti-mills-rape-case-death-penalty-15734'],[],0,,False,3,0,1,,None,,,,,,,[],,,,,bombayhighcourt set aside the deathpenalty awarded to 3 convicts in the shaktimillsrapecase observing that constitutional courts should not award capital punishments based on public opinion ,0.0,neutral
6,6,1463748709565353988,1463748709565353988,1637819862000.0,2021-11-25 00:57:42,-500,,"2013 #ShaktiMills gang-rape case | #BombayHighCourt sets aside the sentence of #deathpenalty of three accused, sends them to life imprisonment  #TheRealTalk (ANI)  https://t.co/huBO788JmJ",en,"['shaktimills', 'bombayhighcourt', 'deathpenalty', 'therealtalk']",[],1356506763999076356,1356506763999076356,Therealtalk_in,TÊœá´‡ Rá´‡á´€ÊŸ Tá´€ÊŸá´‹,4,0,https://twitter.com/Therealtalk_in/status/1463748709565353988,[],['https://pbs.twimg.com/media/FFBHsJ2UYAQRPIe.jpg'],1,https://pbs.twimg.com/media/FFBHsJ2UYAQRPIe.jpg,False,2,0,4,,None,,,,,,,[],,,,,2013 shaktimills gangrape case  bombayhighcourt sets aside the sentence of deathpenalty of three accused sends them to life imprisonment therealtalk ani ,0.0,neutral
7,7,1463741385408847875,1463741385408847875,1637818115000.0,2021-11-25 00:28:35,-500,,This article critiques the introduction of the #deathpenalty for child rape in India as the move could expose victims to mortal danger.  #JGU #ChildProtection #POCSO #SexualHarassment #ChildHarassment #StopAbuse   https://t.co/VxWQhsAwRh,en,"['deathpenalty', 'jgu', 'childprotection', 'pocso', 'sexualharassment', 'childharassment', 'stopabuse']",[],1432227467788374017,1432227467788374017,jgu_research,JGU Research,4,0,https://twitter.com/jgu_research/status/1463741385408847875,['https://research.jgu.edu.in/reforms-to-the-legal-framework-of-child-sexual-abuse-in-india-legislative-band-aids-on-systemic-wounds/'],[],0,,False,0,0,0,,None,,,,,,,[],,,,,this article critiques the introduction of the deathpenalty for child rape in india as the move could expose victims to mortal danger jgu childprotection pocso sexualharassment childharassment stopabuse ,0.0,neutral
8,8,1463698526865698816,1463698526865698816,1637807897000.0,2021-11-24 21:38:17,-500,,What an ugly legacy for the USA. Time to step into the year of 2021-22 &amp; stop being the ONLY free civilized still murdering it's own citizens &amp; calling it justice. Justice for who? #Notinmyname #DeathPenalty #EndtheDeathPenalty #Stopexecutions #HumanRights,en,"['notinmyname', 'deathpenalty', 'endthedeathpenalty', 'stopexecutions', 'humanrights']",[],1447048938687762434,1447048938687762434,icelady1392us11,icelady1392us1392,3,21,https://twitter.com/icelady1392us11/status/1463698526865698816,[],[],0,,False,1,0,1,https://twitter.com/GeorgeTrudel3/status/1463494525356232705,None,,,,,,,[],,,,,what an ugly legacy for the usa time to step into the year of 202122 amp stop being the only free civilized still murdering its own citizens amp calling it justice justice for who notinmyname deathpenalty endthedeathpenalty stopexecutions humanrights,0.14,positive
9,9,1463696143490166784,1463696143490166784,1637807329000.0,2021-11-24 21:28:49,-500,,"It's true, the USA murders people to teach people it's wrong to murder people.  No wonder this nations such a hot mess.  Does that even begin to make sense? They also spend more $ building new prisons than on schools. Splains a lot, huh?  #DeathPenalty #NotinMyName",en,"['deathpenalty', 'notinmyname']",[],1447048938687762434,1447048938687762434,icelady1392us11,icelady1392us1392,3,21,https://twitter.com/icelady1392us11/status/1463696143490166784,[],[],0,,False,0,0,0,https://twitter.com/WhurDeyDoDatAt/status/1463689722266587137,None,,,,,,,[],,,,,its true the usa murders people to teach people its wrong to murder people no wonder this nations such a hot mess does that even begin to make sense they also spend more  building new prisons than on schools splains a lot huh deathpenalty notinmyname,0.08019480519480518,neutral
10,10,1463692696246231045,1463692696246231045,1637806507000.0,2021-11-24 21:15:07,-500,,Please sign/share to help stop the DP in FL!! thx! &lt;3   https://t.co/BBkeonnJOJ  #DeathPenalty  #EndtheDeathPenalty  @GovDeSantis,en,"['deathpenalty', 'endthedeathpenalty']",[],1447048938687762434,1447048938687762434,icelady1392us11,icelady1392us1392,3,21,https://twitter.com/icelady1392us11/status/1463692696246231045,['https://bit.ly/3HQl9qC'],[],0,,False,0,0,0,,None,,,,,,,[],,,,,please signshare to help stop the dp in fl thx lt3 deathpenalty endthedeathpenalty ,0.0,neutral
11,11,1463606776968871940,1463606776968871940,1637786022000.0,2021-11-24 15:33:42,-500,,"You can't mix Holy with world. Only 1 God. Only 1 way to Him - &amp;  it's not through Mary. Street preaching at Pantheon in Rome with Phillip Blair for ToCM 24 Nov 2021 (15'48"") #Rome #Pantheon #Repent #Jesus #HolySpirit #God #Mary #Galileo #DeathPenalty  https://t.co/Z2nQG1NFTe",en,"['rome', 'pantheon', 'repent', 'jesus', 'holyspirit', 'god', 'mary', 'galileo', 'deathpenalty']",[],1178055397791293440,1178055397791293440,C3Consulting1,C3 Consulting,3,15,https://twitter.com/C3Consulting1/status/1463606776968871940,['https://www.youtube.com/watch?v=6y9CdOw8qCs'],[],0,,False,0,0,0,,None,,,,,,,[],,,,,you cant mix holy with world only 1 god only 1 way to him  amp its not through mary street preaching at pantheon in rome with phillip blair for tocm 24 nov 2021 1548 rome pantheon repent jesus holyspirit god mary galileo deathpenalty ,0.0,neutral
12,12,1463593722507980805,1462890019492745216,1637782910000.0,2021-11-24 14:41:50,-500,,@shannonrwatts #DeathPenalty For #DarrellBrooks   @GovEvers #wisconsinparade   Keeping that mass murderer alive for years + spending tons of money and time IS WRONG!   Use the resources to help the victims!,en,"['deathpenalty', 'darrellbrooks', 'wisconsinparade']",[],1445824136488439813,1445824136488439813,g74459419,HAPPY TALES â­ï¸,3,14,https://twitter.com/g74459419/status/1463593722507980805,[],[],0,,False,0,0,0,,None,,,,,,,"[{'screen_name': 'shannonrwatts', 'name': 'Shannon Watts', 'id': '246939630'}]",,,,, deathpenalty for darrellbrooks wisconsinparade keeping that mass murderer alive for years  spending tons of money and time is wrong use the resources to help the victims,-0.340625,negative
13,13,1463592329172848646,1463592329172848646,1637782578000.0,2021-11-24 14:36:18,-500,,".@GovEvers   â€œI am against the death penalty in most cases, however I would be more then happy to send this man to hell where he belongs!!! God have NO mercy on his soul!â€  #DeathPenalty #DarrellBrooks   #wisconsinparade",en,"['deathpenalty', 'darrellbrooks', 'wisconsinparade']",[],1445824136488439813,1445824136488439813,g74459419,HAPPY TALES â­ï¸,3,14,https://twitter.com/g74459419/status/1463592329172848646,[],[],0,,False,2,0,1,https://twitter.com/jasoncollinsmpa/status/1463010758296588292,None,,,,,,,[],,,,, â€œi am against the death penalty in most cases however i would be more then happy to send this man to hell where he belongs god have no mercy on his soulâ€ deathpenalty darrellbrooks wisconsinparade,0.6666666666666666,positive
14,14,1463591397626245121,1463591397626245121,1637782356000.0,2021-11-24 14:32:36,-500,,.@GovEvers   You MUST Impose  #DeathPenalty  #DarrellBrooks   To house/feed this  Mass Murderer is a SLAP IN THE FACE to all of us!!,en,"['deathpenalty', 'darrellbrooks']",[],1445824136488439813,1445824136488439813,g74459419,HAPPY TALES â­ï¸,3,14,https://twitter.com/g74459419/status/1463591397626245121,[],[],0,,False,0,0,0,https://twitter.com/beyouonlybetter/status/1462746242757410818,None,,,,,,,[],,,,, you must impose deathpenalty darrellbrooks to housefeed this mass murderer is a slap in the face to all of us,0.0,neutral
15,15,1463590655746211844,1463590655746211844,1637782179000.0,2021-11-24 14:29:39,-500,,.@GovEvers   In this case You MUST impose #DeathPenalty #DarrellBrooks   Spending THOUSANDS of #taxpayers $$$  and THOUSANDS of hours to keep this mass murderer alive IS WRONG!!!   Instead wasting money and time on him â€”  use that to help the Victims!,en,"['deathpenalty', 'darrellbrooks', 'taxpayers']",[],1445824136488439813,1445824136488439813,g74459419,HAPPY TALES â­ï¸,3,14,https://twitter.com/g74459419/status/1463590655746211844,[],[],0,,False,0,0,0,https://twitter.com/a_holidae/status/1463002300054708228,None,,,,,,,[],,,,, in this case you must impose deathpenalty darrellbrooks spending thousands of taxpayers  and thousands of hours to keep this mass murderer alive is wrong instead wasting money and time on him â€” use that to help the victims,-0.45,negative
16,16,1463585611445641218,1463585611445641218,1637780976000.0,2021-11-24 14:09:36,-500,,This is gut wrenching ğŸ˜© that poor little boy ğŸ˜¢ how anyone can subject a defenceless child to these extremes is beyond me #deathpenalty,en,['deathpenalty'],[],811500800,811500800,ChrisHoopss,Chris,3,14,https://twitter.com/ChrisHoopss/status/1463585611445641218,[],[],0,,False,0,0,0,https://twitter.com/TonyBellew/status/1463442198385643521,None,,,,,,,[],,,,,this is gut wrenching ğŸ˜© that poor little boy ğŸ˜¢ how anyone can subject a defenceless child to these extremes is beyond me deathpenalty,-0.2513888888888889,negative
17,17,1463583559000621057,1463583559000621057,1637780487000.0,2021-11-24 14:01:27,-500,,"Correction: the 3 guys are guilty of #lynching.  What disgusting, despicable excuses for human beings! I'm 100% opposed to the #DeathPenalty, but if anyone were deserving....  All 3 men guilty of murder in the killing of #AhmaudArbery.  #AhmaudArberyTrial   https://t.co/Fc05cSdSKk",en,"['lynching', 'deathpenalty', 'ahmaudarbery', 'ahmaudarberytrial']",[],1278963595,1278963595,johnmerzetti,John Merzetti ğŸ‡¨ğŸ‡¦ğŸ‡²ğŸ‡½ğŸ‡®ğŸ‡¹,3,14,https://twitter.com/johnmerzetti/status/1463583559000621057,['https://www.cnn.com/webview/us/live-news/ahmaud-arbery-killing-trial-verdict-watch-11-24-21/index.html?iid=cnn-mobile-app'],[],0,,False,1,0,0,,None,,,,,,,[],,,,,correction the 3 guys are guilty of lynching what disgusting despicable excuses for human beings im 100 opposed to the deathpenalty but if anyone were deserving all 3 men guilty of murder in the killing of ahmaudarbery ahmaudarberytrial ,-0.27999999999999997,negative
18,18,1463581175352492033,1463581175352492033,1637779918000.0,2021-11-24 13:51:58,-500,,"7 yrs ago I asked if @SusanSarandon wld made a little video greeting for @helenprejean when she recâ€™d @PFADPâ€™s Rev. Robert E. Seymour award at our banquet. Thatâ€™s Bob in the background, a great community leader, &amp; @ZachWard, who emceed, next to Sr Helen. #chapelhill #deathpenalty  https://t.co/pYBka99k2b",en,"['chapelhill', 'deathpenalty']",[],61008746,61008746,SteveDear,steve dear,3,13,https://twitter.com/SteveDear/status/1463581175352492033,[],['https://pbs.twimg.com/media/FE-vUErVkAMfOZd.jpg'],1,https://pbs.twimg.com/media/FE-vUErVkAMfOZd.jpg,False,1,0,0,,None,,,,,,,[],,,,,7 yrs ago i asked if wld made a little video greeting for when she recâ€™d â€™s rev robert e seymour award at our banquet thatâ€™s bob in the background a great community leader amp  who emceed next to sr helen chapelhill deathpenalty ,0.2041666666666667,positive
19,19,1463567681756479495,1463567681756479495,1637776701000.0,2021-11-24 12:58:21,-500,,Who Is #PervisPayne? #Tennessee Man Freed From Death Row Due to Intellectual Disability.  https://t.co/Ra1a9g8jat @Newsweek @khaleda @kelleyjhenry @Tndeathpenalty @DPInfoCtr #deathpenalty,en,"['pervispayne', 'tennessee', 'deathpenalty']",[],2859022449,2859022449,RDunhamDPIC,Robert Dunham,3,12,https://twitter.com/RDunhamDPIC/status/1463567681756479495,['https://www.newsweek.com/pervis-payne-inmate-freed-death-row-intellectual-disability-tennessee-1652845'],[],0,,False,3,0,1,,None,,,,,,,[],,,,,who is pervispayne tennessee man freed from death row due to intellectual disability deathpenalty,0.0875,neutral
20,20,1463567285642309646,1463567285642309646,1637776607000.0,2021-11-24 12:56:47,-500,,"Editorial: #JuliusJonesâ€™s life is spared, but he shouldnâ€™t have to spend the rest of it in prison.  https://t.co/WWhMQaTh6v @washingtonpost @justice4julius @DPInfoCtr #deathpenalty",en,"['juliusjones', 'deathpenalty']",[],2859022449,2859022449,RDunhamDPIC,Robert Dunham,3,12,https://twitter.com/RDunhamDPIC/status/1463567285642309646,['https://www.washingtonpost.com/opinions/2021/11/23/julius-joness-life-is-spared-he-shouldnt-have-spend-rest-it-prison/'],[],0,,False,3,0,3,,None,,,,,,,[],,,,,editorial juliusjonesâ€™s life is spared but he shouldnâ€™t have to spend the rest of it in prison deathpenalty,0.0,neutral
21,21,1463556461175324678,1463556461175324678,1637774026000.0,2021-11-24 12:13:46,-500,,â€œJustice for #JuliusJones has to be about more than not putting a needle in his arm.â€ #Oklahoma #deathpenalty â¦@justice4juliusâ© â¦@washingtonpostâ©   https://t.co/FSbM5jOR9z,en,"['juliusjones', 'oklahoma', 'deathpenalty']",[],200972080,200972080,dbaich,dale baich,3,12,https://twitter.com/dbaich/status/1463556461175324678,['https://www.washingtonpost.com/opinions/2021/11/23/julius-joness-life-is-spared-he-shouldnt-have-spend-rest-it-prison/'],[],0,,False,36,0,10,,None,,,,,,,[],,,,,â€œjustice for juliusjones has to be about more than not putting a needle in his armâ€ oklahoma deathpenalty â¦â© â¦â© ,0.5,positive
22,22,1463551846476394511,1463551846476394511,1637772926000.0,2021-11-24 11:55:26,-500,,It is the second time prosecutors have declined to seek the death penalty against Wallace #StLouis #crime #deathpenalty   https://t.co/AGUkJoXhMT,en,"['stlouis', 'crime', 'deathpenalty']",[],2941165836,2941165836,BBarrouquere,That Writer Guy,3,11,https://twitter.com/BBarrouquere/status/1463551846476394511,['https://www.stltoday.com/news/feds-wont-seek-death-penalty-against-man-accused-of-two-st-louis-murders/article_144edd53-0f3c-52d8-8f2e-410266b28d78.html'],[],0,,False,0,0,0,,None,,,,,,,[],,,,,it is the second time prosecutors have declined to seek the death penalty against wallace stlouis crime deathpenalty ,0.0,neutral
23,23,1463547566193184771,1463547566193184771,1637771905000.0,2021-11-24 11:38:25,-500,,"The #deathpenalty is nothing more than an extension of life, taxes &amp; caretaking of said perp. Instead of waiting 20 + years for justice to work #CapAndCleanse is much better. In a world of instant gratification this is cheaper, sends a strong message &amp; lowers prison population",en,"['deathpenalty', 'capandcleanse']",[],91947456,91947456,MrAtkinss,ğŸ´â€â˜ ï¸MrAtkinsğŸ‡ºğŸ‡¸,3,11,https://twitter.com/MrAtkinss/status/1463547566193184771,[],[],0,,False,5,1,1,https://twitter.com/sebgorka/status/1463366611801448452,None,,,,,,,[],,,,,the deathpenalty is nothing more than an extension of life taxes amp caretaking of said perp instead of waiting 20  years for justice to work capandcleanse is much better in a world of instant gratification this is cheaper sends a strong message amp lowers prison population,0.35833333333333334,positive
24,24,1463526690177437702,1463520587209314308,1637766928000.0,2021-11-24 10:15:28,-500,,"""ğ‚ğ¨ğ§ğ¯ğ¢ğœğ­ ğğšğ§ğ¡ğ® ğŠğ¡ğšğ§ ğ›ğ ğ¡ğšğ§ğ ğğ ğ›ğ² ğğğœğ¤ ğ­ğ¢ğ¥ğ¥ ğ¡ğ ğ¢ğ¬ ğğğšğ"" : UP Court .  [The order is subject to confirmation by the High court as per the mandate of Section 366 CrPC.]  #Rape  #DeathPenalty  #DeathSentence  https://t.co/28vys1dAY9",en,"['rape', 'deathpenalty', 'deathsentence']",[],1255161552,1255161552,LiveLawIndia,Live Law,3,10,https://twitter.com/LiveLawIndia/status/1463526690177437702,[],['https://pbs.twimg.com/media/FE99RZqUcAEOts1.png'],1,https://pbs.twimg.com/media/FE99RZqUcAEOts1.png,False,52,2,10,,None,,,,,,,[],,,,,ğ‚ğ¨ğ§ğ¯ğ¢ğœğ­ ğğšğ§ğ¡ğ® ğŠğ¡ğšğ§ ğ›ğ ğ¡ğšğ§ğ ğğ ğ›ğ² ğğğœğ¤ ğ­ğ¢ğ¥ğ¥ ğ¡ğ ğ¢ğ¬ ğğğšğ  up court  the order is subject to confirmation by the high court as per the mandate of section 366 crpc rape deathpenalty deathsentence ,-0.003333333333333327,neutral
25,25,1463522332157251588,1463522255644676101,1637765889000.0,2021-11-24 09:58:09,-500,,"Now, Session courtâ€™s this judgment will be referred to the High Court for confirmation of death sentence as per the requirement of section 366 of the Criminal Procedure Code, 1973. #deathpenalty #POCSO #bahraich #ChildProtection",en,"['deathpenalty', 'pocso', 'bahraich', 'childprotection']",[],1348597608499957760,1348597608499957760,LawBeatInd,LawBeat,3,9,https://twitter.com/LawBeatInd/status/1463522332157251588,[],[],0,,False,25,2,8,,None,,,,,,,[],,,,,now session courtâ€™s this judgment will be referred to the high court for confirmation of death sentence as per the requirement of section 366 of the criminal procedure code 1973 deathpenalty pocso bahraich childprotection,-0.12000000000000001,negative
26,26,1463479754485481479,1463479754485481479,1637755738000.0,2021-11-24 07:08:58,-500,,"Great work by @kelleyjhenry &amp; team -- A #Tennessee man has been spared from execution, yet his attorneys still want to prove his innocence #deathpenalty  https://t.co/L2crjdKN7F",en,"['tennessee', 'deathpenalty']",[],200972080,200972080,dbaich,dale baich,3,7,https://twitter.com/dbaich/status/1463479754485481479,['https://wpln.org/post/a-tennessee-man-has-been-spared-from-execution-yet-his-attorneys-still-want-to-prove-his-innocence/'],[],0,,False,11,0,1,,None,,,,,,,[],,,,,great work by amp team  a tennessee man has been spared from execution yet his attorneys still want to prove his innocence deathpenalty ,0.8,positive
27,27,1463457619855691776,1463457619855691776,1637750460000.0,2021-11-24 05:41:00,-500,,#NorthKorea | Student who allegedly brought digital copy of #SquidGame back from China sentenced to death  https://t.co/ETOhQeuDsO #deathpenalty  https://t.co/7RNN6ZybOK,en,"['northkorea', 'squidgame', 'deathpenalty']",[],389416911,389416911,WebDPN,Death Penalty News,3,5,https://twitter.com/WebDPN/status/1463457619855691776,['https://deathpenaltynews.blogspot.com/2021/11/north-korea-student-who-allegedly.html?spref=tw'],['https://pbs.twimg.com/media/FE8-vlLXIAElZ7p.jpg'],1,https://pbs.twimg.com/media/FE8-vlLXIAElZ7p.jpg,False,0,1,1,,None,,,,,,,[],,,,,northkorea  student who allegedly brought digital copy of squidgame back from china sentenced to death deathpenalty ,-0.03333333333333333,neutral
28,28,1463451894622429185,1463405866804293632,1637749095000.0,2021-11-24 05:18:15,-500,,@BBCNews How about saving millions of Â£Â£'s paid by taxpayers ( including victims' families) to keep the killer alive in jail? Those millions can help poverty and homeless. #DeathPenalty,en,['deathpenalty'],[],250712726,250712726,SameerHamadmad,Sameer Hamadmad,3,5,https://twitter.com/SameerHamadmad/status/1463451894622429185,[],[],0,,False,0,0,0,,None,,,,,,,"[{'screen_name': 'BBCNews', 'name': 'BBC News (UK)', 'id': '612473'}]",,,,, how about saving millions of Â£Â£s paid by taxpayers  including victims families to keep the killer alive in jail those millions can help poverty and homeless deathpenalty,0.0,neutral
29,29,1463450067151601670,1463450067151601670,1637748660000.0,2021-11-24 05:11:00,-500,,'Can't Set Outer Time Limit For Exercise Of Executive Power Of Pardon': #Karnataka High Court Refuses To Commute #DeathPenalty Sentence    https://t.co/mg2Iif3xFG,en,"['karnataka', 'deathpenalty']",[],1650318780,1650318780,ICADPin,India Against Death,3,5,https://twitter.com/ICADPin/status/1463450067151601670,['https://livelaw.in/news-updates/karnataka-high-court-umesh-reddy-challenge-death-sentence-executability-dismissed-mercy-petition-time-limit-186131'],[],0,,False,0,0,0,,None,,,,,,,[],,,,,cant set outer time limit for exercise of executive power of pardon karnataka high court refuses to commute deathpenalty sentence ,0.16,positive
30,30,1463438670208421892,1463438670208421892,1637745943000.0,2021-11-24 04:25:43,-500,,"A #Tennessee man has been spared from execution, yet his attorneys still want to prove his #innocence #PervisPayne #KelleyHenry #DeathPenalty  https://t.co/c6Sh1tRuD2 @WTIUSA @DeathPenaltyAct @RDunhamDPIC @WCADP @ICOMDP",en,"['tennessee', 'innocence', 'pervispayne', 'kelleyhenry', 'deathpenalty']",[],268557834,268557834,AgeorgesSkinner,S Ageorges-Skinner,3,4,https://twitter.com/AgeorgesSkinner/status/1463438670208421892,['https://bit.ly/3COJrO3'],[],0,,False,0,0,0,,None,,,,,,,[],,,,,a tennessee man has been spared from execution yet his attorneys still want to prove his innocence pervispayne kelleyhenry deathpenalty ,0.0,neutral
31,31,1463408501913534464,1463408501913534464,1637738750000.0,2021-11-24 02:25:50,-500,,"Justin Glad sinks the game-winning penalty kick to eliminate the Seattle Sounders, allowing Real Salt Lake to advance in the MLS playoffs.Source:  https://t.co/hLOvC9bACe  #Death #DeathPenalty #enmnews #Justin #playoffs #Salt #Seattle #Soccer   https://t.co/vDnR5wTHXc  https://t.co/qrBYTVKv2f",en,"['death', 'deathpenalty', 'enmnews', 'justin', 'playoffs', 'salt', 'seattle', 'soccer']",[],1088482863841005568,1088482863841005568,Newsenm,ENM News,3,2,https://twitter.com/Newsenm/status/1463408501913534464,"['http://foxsports.com', 'https://www.enmnews.com/2021/11/24/justin-glad-sinks-game-winning-sudden-death-penalty-kick-to-eliminate-seattle-real-salt-lake-advances/']",['https://pbs.twimg.com/media/FE8SRw2WUAA1YR4.jpg'],1,https://pbs.twimg.com/media/FE8SRw2WUAA1YR4.jpg,False,0,0,0,,None,,,,,,,[],,,,,justin glad sinks the gamewinning penalty kick to eliminate the seattle sounders allowing real salt lake to advance in the mls playoffssource death deathpenalty enmnews justin playoffs salt seattle soccer ,0.20000000000000004,positive
32,32,1463398133719834631,1463275143774539786,1637736278000.0,2021-11-24 01:44:38,-500,,@AmnestyIran Every mother and father needs to be assured the future of their children in #Iran. A guaranteed judicial system based on #HumanRights values will only be in reach for Iranians by ending the #deathpenalty forever.   https://t.co/v0mx6LtX5U,en,"['iran', 'humanrights', 'deathpenalty']",[],1032920346968707073,1032920346968707073,javanehha,Javanehha,3,1,https://twitter.com/javanehha/status/1463398133719834631,['https://en.javanehha.com/2021/11/urgent-child-offender-arman-abdolali-danger-or-execution-for-the-4th-time/'],[],0,,False,3,0,0,,None,,,,,,,"[{'screen_name': 'AmnestyIran', 'name': 'Amnesty Iran', 'id': '1515956552'}]",,,,, every mother and father needs to be assured the future of their children in iran a guaranteed judicial system based on humanrights values will only be in reach for iranians by ending the deathpenalty forever ,0.0,neutral
33,33,1463347133197783047,1463347133197783047,1637724118000.0,2021-11-23 22:21:58,-500,,Do not let the media brush this under the rug..   We live in a world where people defend domestic terrorists that have no regard for human life.  Wisconsin should reinstate the death penalty just to execute Darrell Brooks.  #WaukeshaMassacre  #deathpenalty #WhiteLivesMatter  https://t.co/Nzt5USKDjV,en,"['waukeshamassacre', 'deathpenalty', 'whitelivesmatter']",[],1431640564672471041,1431640564672471041,StraitWhiteMail,ğŸ‡ºğŸ‡¸K9ğŸ‡ºğŸ‡¸,2,22,https://twitter.com/StraitWhiteMail/status/1463347133197783047,[],['https://pbs.twimg.com/media/FE7adlHXMAk8k2s.jpg'],1,https://pbs.twimg.com/media/FE7adlHXMAk8k2s.jpg,False,3,1,4,,None,,,,,,,[],,,,,do not let the media brush this under the rug we live in a world where people defend domestic terrorists that have no regard for human life wisconsin should reinstate the death penalty just to execute darrell brooks waukeshamassacre deathpenalty whitelivesmatter ,0.04545454545454545,neutral
34,34,1463314402552082436,1463314402552082436,1637716315000.0,2021-11-23 20:11:55,-500,, https://t.co/bEgOSMPpEuğŸ¤¬he was covered in 130 bruises from his head to his feetâ˜ ï¸ #deathpenalty What the ğŸ’©,en,['deathpenalty'],[],859436301379960832,859436301379960832,3904speed,3904speed,2,20,https://twitter.com/3904speed/status/1463314402552082436,['https://nypost.com/2021/11/23/poisoned-boy-6-struggles-to-stand-before-dad-and-stepmom-tortured-him-to-death/?utm_campaign=iphone_nyp&utm_source=twitter_app'],[],0,,False,1,0,2,,None,,,,,,,[],,,,, was covered in 130 bruises from his head to his feetâ˜ ï¸ deathpenalty what the ğŸ’©,0.0,neutral
35,35,1463300027200253955,1462740854422925313,1637712887000.0,2021-11-23 19:14:47,-500,,"@Kushbae112 William Marcus Wilson shot and killed a young teenage girl, by hitting her in the back of the head with a single bullet, in response to verbal taunting.  #deathpenalty",en,['deathpenalty'],[],1349300944283041792,1349300944283041792,kevinryanmedia,"Kevin Ryan - Comics, Politics & Other Sci-Fi",2,19,https://twitter.com/kevinryanmedia/status/1463300027200253955,[],[],0,,False,2,3,0,,None,,,,,,,"[{'screen_name': 'Kushbae112', 'name': 'Imsickofallthisshit', 'id': '874414267071475712'}]",,,,, william marcus wilson shot and killed a young teenage girl by hitting her in the back of the head with a single bullet in response to verbal taunting deathpenalty,-0.03428571428571429,neutral
36,36,1463296277869907970,1463296277869907970,1637711994000.0,2021-11-23 18:59:54,-500,,These are the dead from Sunday's Christmas Parade. An 8 yr old boy succumbed to his injuries today. #DeathPenalty  https://t.co/CakBhxn4Sg,en,['deathpenalty'],[],4249328180,4249328180,StephanieRuff3,Resist46 ğŸ‡ºğŸ‡²ğŸ¨âœï¸ğŸ‰ğŸ¥‘,2,18,https://twitter.com/StephanieRuff3/status/1463296277869907970,[],['https://pbs.twimg.com/media/FE6sNbdXsAEGVR5.jpg'],1,https://pbs.twimg.com/media/FE6sNbdXsAEGVR5.jpg,False,0,0,0,,None,,,,,,,[],,,,,these are the dead from sundays christmas parade an 8 yr old boy succumbed to his injuries today deathpenalty ,-0.11666666666666665,negative
37,37,1463267527094677516,1463267527094677516,1637705139000.0,2021-11-23 17:05:39,-500,,"""The states that held on to #slavery the longest are the same states that are holding on to the #deathpenalty."" -@ShaneClaiborne  https://t.co/xrsJCmDQ6v #juliusjones #StopExecutions @justice4julius",en,"['slavery', 'deathpenalty', 'juliusjones', 'stopexecutions']",[],837737528291647488,837737528291647488,DeathPenaltyAct,Death Penalty Action,2,17,https://twitter.com/DeathPenaltyAct/status/1463267527094677516,['https://wapo.st/3r5uTra'],[],0,,False,30,1,11,,None,,,,,,,[],,,,,the states that held on to slavery the longest are the same states that are holding on to the deathpenalty  juliusjones stopexecutions ,0.0,neutral
38,38,1463265433969115151,1463265433969115151,1637704640000.0,2021-11-23 16:57:20,-500,,"â€œGiven the doubts about [#JuliusJones'] guilt, it was an absolute must to eliminate the possibility of execution,â€ @SteveKerr told reporters. â€œIf you live in a civilized country, that should be the norm.â€ @DPInfoCtr @justice4julius #deathpenalty",en,"['juliusjones', 'deathpenalty']",[],2859022449,2859022449,RDunhamDPIC,Robert Dunham,2,16,https://twitter.com/RDunhamDPIC/status/1463265433969115151,[],[],0,,False,12,0,5,https://twitter.com/RDunhamDPIC/status/1463264668122812421,None,,,,,,,[],,,,,â€œgiven the doubts about juliusjones guilt it was an absolute must to eliminate the possibility of executionâ€ told reporters â€œif you live in a civilized country that should be the normâ€ deathpenalty,0.24545454545454545,positive
39,39,1463263400050495492,1463263400050495492,1637704155000.0,2021-11-23 16:49:15,-500,,These people should be put to death this is the worst thing that any one could do. A child should be protected and loved by its parents! This is beyond humane ! #deathpenalty,en,['deathpenalty'],[],2879356814,2879356814,RobBerrywood,Rob,2,16,https://twitter.com/RobBerrywood/status/1463263400050495492,[],[],0,,False,0,0,0,https://twitter.com/piersmorgan/status/1463223218379046912,None,,,,,,,[],,,,,these people should be put to death this is the worst thing that any one could do a child should be protected and loved by its parents this is beyond humane  deathpenalty,0.0,neutral
40,40,1463258620884406282,1463258620884406282,1637703015000.0,2021-11-23 16:30:15,-500,,Rashida tlaib needs to be tried and prosecuted for treason. How can anyone be in support of releasing VIOLENT CRIMINAL PREDATORS back into society and think thatâ€™s ok? Being back the #deathpenalty #colorado,en,"['deathpenalty', 'colorado']",[],1458534016949227522,1458534016949227522,7_childofgod_7,shally,2,16,https://twitter.com/7_childofgod_7/status/1463258620884406282,[],[],0,,False,0,1,0,,None,,,,,,,[],,,,,rashida tlaib needs to be tried and prosecuted for treason how can anyone be in support of releasing violent criminal predators back into society and think thatâ€™s ok being back the deathpenalty colorado,-0.14000000000000004,negative
41,41,1463254439595323397,1463254439595323397,1637702019000.0,2021-11-23 16:13:39,-500,,"Thank you for your leadership on this issue, @moodyforelpaso. Use of the #deathpenalty is declining throughout Texas; it is disappointing to see El Paso go in the opposite direction with its haphazard approach to this case.",en,['deathpenalty'],[],467540280,467540280,TCADPdotORG,TCADP,2,16,https://twitter.com/TCADPdotORG/status/1463254439595323397,[],[],0,,False,5,0,2,https://twitter.com/moodyforelpaso/status/1463248328800546819,None,,,,,,,[],,,,,thank you for your leadership on this issue  use of the deathpenalty is declining throughout texas it is disappointing to see el paso go in the opposite direction with its haphazard approach to this case,-0.39999999999999997,negative
42,42,1463241416512086019,1463241416512086019,1637698914000.0,2021-11-23 15:21:54,-500,,"Wrongfully imprisoned for more than 40 years.  If this doesn't convince you that we need to abolish the #DeathPenalty, what is wrong with you?  #KevinStrickland",en,"['deathpenalty', 'kevinstrickland']",[],57708120,57708120,NanInKansas,"Nan, RN. Vaxxed & Masked.",2,15,https://twitter.com/NanInKansas/status/1463241416512086019,[],[],0,,False,2,0,1,https://twitter.com/KCStar/status/1463203184537706503,None,,,,,,,[],,,,,wrongfully imprisoned for more than 40 years if this doesnt convince you that we need to abolish the deathpenalty what is wrong with you kevinstrickland,0.0,neutral
43,43,1463233164382556165,1463233164382556165,1637696946000.0,2021-11-23 14:49:06,-500,,"The U.S. Court of Appeals for the Third Circuit has ruled in favor of death-row exoneree #JimmyDennis, denying qualified immunity to the Philadelphia homicide detectives whom Dennis alleges framed him for murder.  https://t.co/4dmjolAs0J @DPInfoCtr @Atlantic_Ctr #deathpenalty  https://t.co/4qF6Zif2Wj",en,"['jimmydennis', 'deathpenalty']",[],2859022449,2859022449,RDunhamDPIC,Robert Dunham,2,14,https://twitter.com/RDunhamDPIC/status/1463233164382556165,['https://www2.ca3.uscourts.gov/opinarch/192390p.pdf'],['https://pbs.twimg.com/media/FE5xgCpWQAYvnYp.jpg'],1,https://pbs.twimg.com/media/FE5xgCpWQAYvnYp.jpg,False,59,2,14,,None,,,,,,,[],,,,,the us court of appeals for the third circuit has ruled in favor of deathrow exoneree jimmydennis denying qualified immunity to the philadelphia homicide detectives whom dennis alleges framed him for murder deathpenalty ,0.0,neutral
44,44,1463218445017882624,1463218445017882624,1637693437000.0,2021-11-23 13:50:37,-500,,Pervis Payne removed from Death Row. Next step is to exonerate/release him for crime he did not commit. #USJudicialSystem #EndInjustice #PervisPayne #DeathPenalty,en,"['usjudicialsystem', 'endinjustice', 'pervispayne', 'deathpenalty']",[],1458027146794909698,1458027146794909698,SweetL0ve60,ğŸŒ¹SweetLassieğŸŒ¹,2,13,https://twitter.com/SweetL0ve60/status/1463218445017882624,[],[],0,,False,8,0,2,https://twitter.com/innocence/status/1463203093303201803,None,,,,,,,[],,,,,pervis payne removed from death row next step is to exoneraterelease him for crime he did not commit usjudicialsystem endinjustice pervispayne deathpenalty,0.0,neutral
45,45,1463206503788208135,1463206503788208135,1637690590000.0,2021-11-23 13:03:10,-500,,We need to end the death penalty in the US. @POTUS   @GovStitt needs to grant clemency as recommended by the pardon and parole board. #OKleg #DeathPenalty,en,"['okleg', 'deathpenalty']",[],911601,911601,matty,Matt Hunt,2,13,https://twitter.com/matty/status/1463206503788208135,[],[],0,,False,2,0,5,https://twitter.com/KOCODillon/status/1463190142651412480,None,,,,,,,[],,,,,we need to end the death penalty in the us needs to grant clemency as recommended by the pardon and parole board okleg deathpenalty,0.0,neutral
46,46,1463178524106403844,1463178524106403844,1637683919000.0,2021-11-23 11:11:59,-500,,"As we wait for a #SCOTUS decision on how/if spiritual advisers can be in Texas' execution chamber, Oklahoma says it will allow a prisoner's minister to lay hands on him and pray.   https://t.co/ugDvvQ5ofK #deathpenalty",en,"['scotus', 'deathpenalty']",[],106837822,106837822,jsmccullou,Jolie McCullough,2,11,https://twitter.com/jsmccullou/status/1463178524106403844,['https://www.oklahoman.com/story/news/2021/11/23/oklahoma-let-spiritual-advisors-execution-chamber/8730678002/'],[],0,,False,9,0,8,,None,,,,,,,[],,,,,as we wait for a scotus decision on howif spiritual advisers can be in texas execution chamber oklahoma says it will allow a prisoners minister to lay hands on him and pray deathpenalty,0.0,neutral
47,47,1463165953198501906,1463033884229222407,1637680922000.0,2021-11-23 10:22:02,-500,,"@IndiaToday Some illicit people are holding the powerful position..nonsense,whatever  the assault on females must be Sentences to death #deathpenalty for rapist ,molester,any kind of sexual assault is a serious issues. Must be death penalty",en,['deathpenalty'],[],1562454704,1562454704,Sathyacourage87,SATHYA RAJA ğŸ‡®ğŸ‡³ ğŸ©ºfrontlinerğŸ©ºğŸ‘©â€âš•ï¸â™¡,2,10,https://twitter.com/Sathyacourage87/status/1463165953198501906,[],[],0,,False,0,0,0,,None,,,,,,,"[{'screen_name': 'IndiaToday', 'name': 'IndiaToday', 'id': '19897138'}]",,,,, some illicit people are holding the powerful positionnonsensewhatever the assault on females must be sentences to death deathpenalty for rapist molesterany kind of sexual assault is a serious issues must be death penalty,0.26666666666666666,positive
48,48,1463163736907296771,1463163736907296771,1637680393000.0,2021-11-23 10:13:13,-500,,#Georgia | The Ahmaud Arbery case will go to the jury after prosecutors get the last word  https://t.co/vYnm3nP92T #AhmaudArberyTrial #AhmaudArbery #blacklivesmatter #deathpenalty  https://t.co/kFNv0bWJfa,en,"['georgia', 'ahmaudarberytrial', 'ahmaudarbery', 'blacklivesmatter', 'deathpenalty']",[],389416911,389416911,WebDPN,Death Penalty News,2,10,https://twitter.com/WebDPN/status/1463163736907296771,['https://deathpenaltynews.blogspot.com/2021/11/georgia-ahmaud-arbery-case-will-go-to.html?spref=tw'],['https://pbs.twimg.com/media/FE4zoWbWQBkGjbA.jpg'],1,https://pbs.twimg.com/media/FE4zoWbWQBkGjbA.jpg,False,2,0,1,,None,,,,,,,[],,,,,georgia  the ahmaud arbery case will go to the jury after prosecutors get the last word ahmaudarberytrial ahmaudarbery blacklivesmatter deathpenalty ,0.0,neutral
49,49,1463153453719375875,1463153453719375875,1637677942000.0,2021-11-23 09:32:22,-500,,"Yup! More importantly, it is a crimes to experiment on Humans. It is a crime of the highest order and is punishable by death. No exceptions. Obeying orders is not a defense! Plus, they are killing millions.  #NurembergTrialsForCovid #deathpenalty #Nuremberg2  https://t.co/AeZ6bzRIE9",en,"['nurembergtrialsforcovid', 'deathpenalty', 'nuremberg2']",[],1415306934308200450,1415306934308200450,IMektin,Ivor Mektin,2,9,https://twitter.com/IMektin/status/1463153453719375875,[],[],1,https://pbs.twimg.com/ext_tw_video_thumb/1463153251843403776/pu/img/Rqv17p2LswXo3YOl.jpg,False,8,0,7,https://twitter.com/AussieVal10/status/1462966778867318787,None,,,,,,,[],,,,,yup more importantly it is a crimes to experiment on humans it is a crime of the highest order and is punishable by death no exceptions obeying orders is not a defense plus they are killing millions nurembergtrialsforcovid deathpenalty nuremberg2 ,0.5,positive
50,50,1463148842447167496,1463148842447167496,1637676842000.0,2021-11-23 09:14:02,-500,,"Tenn. â€” Today, at 9:30 a.m. CST, a hearing is scheduled for a judge to formally grant #PervisPayne relief from his death sentence. Payne was recently found to be intellectually disabled and, therefore, not eligible for the #deathpenalty. He was convicted and sentenced to deathâ€¦",en,"['pervispayne', 'deathpenalty']",[],1298473704016535555,1298473704016535555,DeathRowWatcher,Death Row Watcher,2,9,https://twitter.com/DeathRowWatcher/status/1463148842447167496,[],[],0,,False,4,1,3,,None,,,,,,,[],,,,,tenn â€” today at 930 am cst a hearing is scheduled for a judge to formally grant pervispayne relief from his death sentence payne was recently found to be intellectually disabled and therefore not eligible for the deathpenalty he was convicted and sentenced to deathâ€¦,-0.1,neutral
51,51,1463123606897139715,1463123606897139715,1637670826000.0,2021-11-23 07:33:46,-500,,"I think @POTUS is not really looking if #JeromePowell is his answer! Powell is too Corporate, most of his decisions put #Corps over #Ppl. I wonâ€™t believe #Corps are ppl too until I see em get the #DeathPenalty! These corps get funding/paid no matter what they do to us! @cspanwj",en,"['jeromepowell', 'corps', 'ppl', 'corps', 'deathpenalty']",[],1349413644455571457,1349413644455571457,Freelancer61,Loretta Poindexter,2,7,https://twitter.com/Freelancer61/status/1463123606897139715,[],[],0,,False,0,0,0,https://twitter.com/cspanwj/status/1463116182245019650,None,,,,,,,[],,,,,i think is not really looking if jeromepowell is his answer powell is too corporate most of his decisions put corps over ppl i wonâ€™t believe corps are ppl too until i see em get the deathpenalty these corps get fundingpaid no matter what they do to us ,0.21875,positive
52,52,1463122637626949635,1463122637626949635,1637670594000.0,2021-11-23 07:29:54,-500,,"Premeditated vehicular murder brought to you by professional criminal Darrell Brooks Jr.; released on bail 48 hours earlier. aka Mathboi Flyâ€¦wannabe rapper, sex offender, &amp; alleged human trafficker. Too bad WI abolished the #deathpenalty in Sept 2021â€¦heâ€™d  be a great candidate.",en,['deathpenalty'],[],1044579525647118336,1044579525647118336,Truthisunpopulr,Truthisunpopular (same on Parler) ğŸ™‰ğŸ‡ºğŸ‡¸ğŸ™ˆğŸ‡ºğŸ‡¸ğŸ™Š,2,7,https://twitter.com/Truthisunpopulr/status/1463122637626949635,[],[],0,,False,0,0,0,https://twitter.com/tucsonla/status/1462780866669678606,None,,,,,,,[],,,,,premeditated vehicular murder brought to you by professional criminal darrell brooks jr released on bail 48 hours earlier aka mathboi flyâ€¦wannabe rapper sex offender amp alleged human trafficker too bad wi abolished the deathpenalty in sept 2021â€¦heâ€™d be a great candidate,-0.04285714285714283,neutral
53,53,1463112254728155138,1463112254728155138,1637668119000.0,2021-11-23 06:48:39,-500,,"In 2020, we interviewed opinion formers from the 6 member states of the Organisation of Eastern Caribbean States (OECS) and Barbados to uncover possible reasons as to why abolition has not yet been achieved. #DeathPenalty #Caribbean  https://t.co/3DELrofxYX",en,"['deathpenalty', 'caribbean']",[],558782310,558782310,DeathPenaltyP,DeathPenaltyProject,2,6,https://twitter.com/DeathPenaltyP/status/1463112254728155138,[],['https://pbs.twimg.com/media/FE4ErqAXMAEogjR.jpg'],1,https://pbs.twimg.com/media/FE4ErqAXMAEogjR.jpg,False,9,0,7,,None,,,,,,,[],,,,,in 2020 we interviewed opinion formers from the 6 member states of the organisation of eastern caribbean states oecs and barbados to uncover possible reasons as to why abolition has not yet been achieved deathpenalty caribbean ,0.0,neutral
54,54,1463100499209510916,1463100499209510916,1637665316000.0,2021-11-23 06:01:56,-500,,#é´å¤–ã®æ€ªè«‡ã€€#GhostStory of Ogai Dir. Playwright #æ°¸äº•æ„› #AiNagai #æ¾å°¾è²´å²ã€€#ç€¬æˆ¸ã•ãŠã‚Š #æ± ç”°æˆå¿—ã€€#æœ¨é‡èŠ±ã€€#å‘³æ–¹è‰¯ä»‹ #å¤§é€†äº‹ä»¶ #Treason Incident 1910 #Conspiracy to kill #Emperor #DeathPenalty for 12 #Socialist #æ£®é´å¤– #OgaiMori #SurgeonGeneral ï¼† #Novelist He suffered from it.  https://t.co/7XvlsOviMO,en,"['é´å¤–ã®æ€ªè«‡', 'ghoststory', 'æ°¸äº•æ„›', 'ainagai', 'æ¾å°¾è²´å²', 'ç€¬æˆ¸ã•ãŠã‚Š', 'æ± ç”°æˆå¿—', 'æœ¨é‡èŠ±', 'å‘³æ–¹è‰¯ä»‹', 'å¤§é€†äº‹ä»¶', 'treason', 'conspiracy', 'emperor', 'deathpenalty', 'socialist', 'æ£®é´å¤–', 'ogaimori', 'surgeongeneral', 'novelist']",[],949809823377338368,949809823377338368,cinemawishtokyo,CinemaWishTokyo,2,6,https://twitter.com/cinemawishtokyo/status/1463100499209510916,[],['https://pbs.twimg.com/media/FE36Ji3aIAQx1r2.jpg'],1,https://pbs.twimg.com/media/FE36Ji3aIAQx1r2.jpg,False,0,0,0,,None,,,,,,,[],,,,,é´å¤–ã®æ€ªè«‡ã€€ghoststory of ogai dir playwright æ°¸äº•æ„› ainagai æ¾å°¾è²´å²ã€€ç€¬æˆ¸ã•ãŠã‚Š æ± ç”°æˆå¿—ã€€æœ¨é‡èŠ±ã€€å‘³æ–¹è‰¯ä»‹ å¤§é€†äº‹ä»¶ treason incident 1910 conspiracy to kill emperor deathpenalty for 12 socialist æ£®é´å¤– ogaimori surgeongeneral ï¼† novelist he suffered from it ,0.0,neutral
55,55,1463078308078313475,1463078308078313475,1637660025000.0,2021-11-23 04:33:45,-500,,#Pakistan | Christian Sentenced to Death for 'Blasphemy' Acquitted (but Quietly to Avoid Islamist Outrage)  https://t.co/xJaDWZ6ObJ #blasphemy #Islam #sharia #Christians #deathpenalty  https://t.co/EmXb9JkT7e,en,"['pakistan', 'blasphemy', 'islam', 'sharia', 'christians', 'deathpenalty']",[],389416911,389416911,WebDPN,Death Penalty News,2,4,https://twitter.com/WebDPN/status/1463078308078313475,['https://deathpenaltynews.blogspot.com/2021/11/pakistan-christian-sentenced-to-death.html?spref=tw'],['https://pbs.twimg.com/media/FE3l8yaXsAIIn7W.jpg'],1,https://pbs.twimg.com/media/FE3l8yaXsAIIn7W.jpg,False,0,0,0,,None,,,,,,,[],,,,,pakistan  christian sentenced to death for blasphemy acquitted but quietly to avoid islamist outrage blasphemy islam sharia christians deathpenalty ,0.0,neutral
56,56,1463076433362710533,1463076433362710533,1637659579000.0,2021-11-23 04:26:19,-500,,"High Commissioner @UKAmb_Hay and DHM @DaveThomasFCDO had a productive meeting with Chief Justice Yang Arif Tan Sri Tengku Maimun Tuan Mat today to discuss ğŸ‡¬ğŸ‡§ - ğŸ‡²ğŸ‡¾ cooperation on #sentencing council guidelines, #PrisonsReform and #DeathPenalty.  https://t.co/Q00ZAmkdyt",en,"['sentencing', 'prisonsreform', 'deathpenalty']",[],106355048,106355048,UKinMalaysia,UK in MalaysiağŸ‡¬ğŸ‡§,2,4,https://twitter.com/UKinMalaysia/status/1463076433362710533,[],"['https://pbs.twimg.com/media/FE3jGZvVQAINjlh.jpg', 'https://pbs.twimg.com/media/FE3jIWXUcAA_JfK.jpg']",1,https://pbs.twimg.com/media/FE3jGZvVQAINjlh.jpg,False,7,0,3,,None,,,,,,,[],,,,,high commissioner and dhm had a productive meeting with chief justice yang arif tan sri tengku maimun tuan mat today to discuss ğŸ‡¬ğŸ‡§  ğŸ‡²ğŸ‡¾ cooperation on sentencing council guidelines prisonsreform and deathpenalty ,0.16,positive
57,57,1463058538805477376,1463058538805477376,1637655312000.0,2021-11-23 03:15:12,-500,,I have just reported to FBI about my #HavanaSyndrome and #Targetedindividuals damages again. I really hope they investigate institutions all over USA. #HumanTrafficking #Humanrights #Murder #Deathpenalty @FBI @CIA @NSAGov @IJM  https://t.co/G7Q48Ka8A6,en,"['havanasyndrome', 'targetedindividuals', 'humantrafficking', 'humanrights', 'murder', 'deathpenalty']",[],1336312217453568003,1336312217453568003,SachikoMatsuba3,Targetedindividual&Havanasyndrome victim Sachiko,2,3,https://twitter.com/SachikoMatsuba3/status/1463058538805477376,['https://tips.fbi.gov/complete'],[],0,,False,10,4,3,,None,,,,,,,[],,,,,i have just reported to fbi about my havanasyndrome and targetedindividuals damages again i really hope they investigate institutions all over usa humantrafficking humanrights murder deathpenalty ,0.2,positive
58,58,1463047903480463364,1463047903480463364,1637652776000.0,2021-11-23 02:32:56,-500,,#Wisconsin outlawed #DeathPenalty  but are You really going to spend HUGE AMOUNTS of #taxpayer money to keep this DEADLY SOCIOPATH #DarrellBrooks alive for years???   @WiStateJournal @WPR @WisDems @VP,en,"['wisconsin', 'deathpenalty', 'taxpayer', 'darrellbrooks']",[],1445824136488439813,1445824136488439813,g74459419,HAPPY TALES â­ï¸,2,2,https://twitter.com/g74459419/status/1463047903480463364,[],[],0,,False,0,0,0,,None,,,,,,,[],,,,,wisconsin outlawed deathpenalty but are you really going to spend huge amounts of taxpayer money to keep this deadly sociopath darrellbrooks alive for years ,0.12500000000000003,positive
59,59,1463040650308370433,1460723608641232900,1637651047000.0,2021-11-23 02:04:07,-500,,@ACLU Racist? Why?  Death penalty has been applied to ppl of all races. So I really want a good explanation on this  eg. Is the #Waukesha killer worth the #deathpenalty?  Or maybe you can kill little white girls and avoid the death penalty bcs you are a POC?  Can we talk about #racism?,en,"['waukesha', 'deathpenalty', 'racism']",[],1413952850665910276,1413952850665910276,says_war,WarCatSays,2,2,https://twitter.com/says_war/status/1463040650308370433,[],[],0,,False,2,0,0,,None,,,,,,,"[{'screen_name': 'ACLU', 'name': 'ACLU', 'id': '13393052'}]",,,,, racist why death penalty has been applied to ppl of all races so i really want a good explanation on this eg is the waukesha killer worth the deathpenalty or maybe you can kill little white girls and avoid the death penalty bcs you are a poc can we talk about racism,0.20249999999999999,positive
60,60,1462964012061233155,1462964012061233155,1637632775000.0,2021-11-22 20:59:35,-500,,"Death row prisonerâ€™s attorneys oppose lethal drug plan. Forced to choose an alternative to the drugs, they offer firing squad.  https://t.co/yx18ucZ2WC @TheNVIndy @s_golonka @nvcadp @DPInfoCtr #Nevada #ZaneFloyd #deathpenalty",en,"['nevada', 'zanefloyd', 'deathpenalty']",[],2859022449,2859022449,RDunhamDPIC,Robert Dunham,1,20,https://twitter.com/RDunhamDPIC/status/1462964012061233155,['https://thenevadaindependent.com/article/death-row-inmates-attorneys-oppose-lethal-drug-plan-want-firing-squad'],[],0,,False,2,1,4,,None,,,,,,,[],,,,,death row prisonerâ€™s attorneys oppose lethal drug plan forced to choose an alternative to the drugs they offer firing squad nevada zanefloyd deathpenalty,-0.30000000000000004,negative
61,61,1462953091532308483,1462953091532308483,1637630172000.0,2021-11-22 20:16:12,-500,,"Had to swerve into traffic because motorist considers the bike lane their parking spot. A moment after I passed same motorist opened his door without looking, because of course he did, and clobbered another cyclist. #DeathPenalty",en,['deathpenalty'],[],97273575,97273575,Clarknt67,"ğŸŒ¹ Clark, a proud citizen of GoFundMe nation",1,20,https://twitter.com/Clarknt67/status/1462953091532308483,[],[],0,,False,11,1,1,,None,,,,,,,[],,,,,had to swerve into traffic because motorist considers the bike lane their parking spot a moment after i passed same motorist opened his door without looking because of course he did and clobbered another cyclist deathpenalty,0.0,neutral
62,62,1462930157249961988,1462930157249961988,1637624704000.0,2021-11-22 18:45:04,-500,,"My heart goes out to those families of the deceased and hurt. What a HORRIFIC thing to happen!!! I hope those children well wishes and get out of the ICU, comas and the bad state their in. â¤ï¸ PLEASE SHARE THIS STORY!! #WaukeshaStrong #DeathPenalty",en,"['waukeshastrong', 'deathpenalty']",[],2562414097,2562414097,SeonLee84,Heather S-L Smith ğŸ’‡ğŸ»â€â™€ï¸,1,18,https://twitter.com/SeonLee84/status/1462930157249961988,[],[],0,,False,0,0,0,https://twitter.com/abc/status/1462866169921261575,None,,,,,,,[],,,,,my heart goes out to those families of the deceased and hurt what a horrific thing to happen i hope those children well wishes and get out of the icu comas and the bad state their in â¤ï¸ please share this story waukeshastrong deathpenalty,-1.0,negative
63,63,1462928481944223749,1462928481944223749,1637624304000.0,2021-11-22 18:38:24,-500,,"Pending charges against Lowlife terrorist darrel brooks! Numerous evidence circulating, confirms the devastation left by this inferior fool and Yet Biden is not convinced! Sleeping Joe needs to wake up and smell that leftist shit! #BidenDisaster #Wakesha #Wisconsin #DeathPenalty  https://t.co/exxQr4oUMP",en,"['bidendisaster', 'wakesha', 'wisconsin', 'deathpenalty']",[],53237132,53237132,RaulBrando,Raul Brando Ramotar,1,18,https://twitter.com/RaulBrando/status/1462928481944223749,[],['https://pbs.twimg.com/media/FE1dsmCXwAcD-_g.jpg'],1,https://pbs.twimg.com/media/FE1dsmCXwAcD-_g.jpg,False,0,0,0,,None,,,,,,,[],,,,,pending charges against lowlife terrorist darrel brooks numerous evidence circulating confirms the devastation left by this inferior fool and yet biden is not convinced sleeping joe needs to wake up and smell that leftist shit bidendisaster wakesha wisconsin deathpenalty ,-0.075,neutral
64,64,1462922230510329858,1462922230510329858,1637622814000.0,2021-11-22 18:13:34,-500,,"The Groveland Fourâ€”the Black men accused in a 1949 rapeâ€”get case dismissed. 1 was lynched, 2 were wrongly sentenced to death (1 then was murdered by the sheriff), and a teenager was sentenced to life.  https://t.co/Loug6xVOud @NBCNews @erikjhortiz @DPInfoCtr #Florida #deathpenalty",en,"['florida', 'deathpenalty']",[],2859022449,2859022449,RDunhamDPIC,Robert Dunham,1,18,https://twitter.com/RDunhamDPIC/status/1462922230510329858,['https://www.nbcnews.com/news/us-news/groveland-four-black-men-accused-1949-rape-get-case-dismissed-rcna6016'],[],0,,False,5,0,3,,None,,,,,,,[],,,,,the groveland fourâ€”the black men accused in a 1949 rapeâ€”get case dismissed 1 was lynched 2 were wrongly sentenced to death 1 then was murdered by the sheriff and a teenager was sentenced to life florida deathpenalty,-0.3333333333333333,negative
65,65,1462920762856140800,1462920762856140800,1637622464000.0,2021-11-22 18:07:44,-500,,".@kurteichenwald, have you been a witness to #Oklahoma pumping Draino in to a condemned person's arm? #deathpenalty Have you seen anyone put to death in Huntsville?",en,"['oklahoma', 'deathpenalty']",[],4115865494,4115865494,FlyoverProject,Flyover Project,1,18,https://twitter.com/FlyoverProject/status/1462920762856140800,[],[],0,,False,0,1,0,,None,,,,,,,[],,,,, have you been a witness to oklahoma pumping draino in to a condemned persons arm deathpenalty have you seen anyone put to death in huntsville,0.0,neutral
66,66,1462910263561277442,1462910263561277442,1637619961000.0,2021-11-22 17:26:01,-500,,The leftist admiration is glaringly displayed by Biden with his reckless response to the tragedy in #Waukesha! He was quick to label #Rittenhouse and now requires facts to prove this lowlife is a terrorist!Ignorance!! #DeathPenalty #Terrorism #WaukeshaMassacre @POTUS #condolences,en,"['waukesha', 'rittenhouse', 'deathpenalty', 'terrorism', 'waukeshamassacre', 'condolences']",[],53237132,53237132,RaulBrando,Raul Brando Ramotar,1,17,https://twitter.com/RaulBrando/status/1462910263561277442,[],[],0,,False,0,1,0,https://twitter.com/realDailyWire/status/1462871017420849153,None,,,,,,,[],,,,,the leftist admiration is glaringly displayed by biden with his reckless response to the tragedy in waukesha he was quick to label rittenhouse and now requires facts to prove this lowlife is a terroristignorance deathpenalty terrorism waukeshamassacre condolences,0.22916666666666663,positive
67,67,1462889651891412993,1462889651891412993,1637615046000.0,2021-11-22 16:04:06,-500,,"Only for those that have committed crimes against Humanity! That would include but not limited to: All Politicians , Pharmaceutical CEO's CFO's, Medical Profession, Big Tech as a start! #deathpenalty  https://t.co/NokGqYRQ4r",en,['deathpenalty'],[],462464578,462464578,theallinoneteam,The All in One Team,1,16,https://twitter.com/theallinoneteam/status/1462889651891412993,[],[],1,https://pbs.twimg.com/ext_tw_video_thumb/1462889570828099591/pu/img/vQ61jNkG8_Bo6pxv.jpg,False,6,0,2,https://twitter.com/WonPeople/status/1462533006464372739,None,,,,,,,[],,,,,only for those that have committed crimes against humanity that would include but not limited to all politicians  pharmaceutical ceos cfos medical profession big tech as a start deathpenalty ,0.008928571428571428,neutral
68,68,1462889098734194698,1462852092524126212,1637614914000.0,2021-11-22 16:01:54,-500,,@MrAndyNgo On a side note his song half a tikket is pretty catchyâ€¦too bad he needs to be put down ğŸ¤·â€â™‚ï¸ #deathpenalty,en,['deathpenalty'],[],804417080879509504,804417080879509504,DennisDDS8,NYCcrumbling,1,16,https://twitter.com/DennisDDS8/status/1462889098734194698,[],[],0,,False,0,0,0,,None,,,,,,,"[{'screen_name': 'MrAndyNgo', 'name': 'Andy NgÃ´ ğŸ³ï¸\u200dğŸŒˆ', 'id': '2835451658'}]",,,,, on a side note his song half a tikket is pretty catchyâ€¦too bad he needs to be put down ğŸ¤·â€â™‚ï¸ deathpenalty,-0.1930555555555555,negative
69,69,1462876810539155460,1462876810539155460,1637611985000.0,2021-11-22 15:13:05,-500,,"#EndTheDeathPenalty â€˜If #Christiansâ€¦agreed to stop executing people, it would end the #DeathPenalty overnight. Ninety percent of executions happen in the Bible belt, which could be called the death belt in America.â€™-@ShaneClaiborne in @RNS  https://t.co/hKCrHvpMhc #JuliusJones",en,"['endthedeathpenalty', 'christians', 'deathpenalty', 'juliusjones']",[],953759424950210560,953759424950210560,andyjabbour,andy ğŸ‡ºğŸ‡¸,1,15,https://twitter.com/andyjabbour/status/1462876810539155460,['https://religionnews.com/2021/11/19/julius-jones-was-spared-by-a-governor-who-prayed-lets-all-now-pray-to-end-the-death-penalty/'],[],0,,False,47,0,12,,None,,,,,,,[],,,,,endthedeathpenalty â€˜if christiansâ€¦agreed to stop executing people it would end the deathpenalty overnight ninety percent of executions happen in the bible belt which could be called the death belt in americaâ€™ in juliusjones,0.0,neutral
70,70,1462873880406679555,1462873829445885960,1637611286000.0,2021-11-22 15:01:26,-500,,It is past time that prosecutors in #Missouri align with the growing number of prosecutors in the country who know that the #DeathPenalty is a wasteful and flawed system. 11/,en,"['missouri', 'deathpenalty']",[],104998022,104998022,MADPMO,Missourians for Alternatives to the Death Penalty,1,15,https://twitter.com/MADPMO/status/1462873880406679555,[],[],0,,False,4,0,3,,None,,,,,,,[],,,,,it is past time that prosecutors in missouri align with the growing number of prosecutors in the country who know that the deathpenalty is a wasteful and flawed system 11,-0.375,negative
71,71,1462873829445885960,1462873829445885960,1637611274000.0,2021-11-22 15:01:14,-500,,"#Missouri #prosecutors are falling in line with the growing trend across the nation: Prosecutors are waiving #DeathPenalty tickets to save time and money, and assure murder victimsâ€™ family members are not waiting decades for an outcome in these cases. 1/  https://t.co/FyppR5mdL9",en,"['missouri', 'prosecutors', 'deathpenalty']",[],104998022,104998022,MADPMO,Missourians for Alternatives to the Death Penalty,1,15,https://twitter.com/MADPMO/status/1462873829445885960,['https://www.madpmo.org/post/growing-trend-missouri-prosecutors-waive-death-penalty-tickets'],[],0,,False,4,1,6,,None,,,,,,,[],,,,,missouri prosecutors are falling in line with the growing trend across the nation prosecutors are waiving deathpenalty tickets to save time and money and assure murder victimsâ€™ family members are not waiting decades for an outcome in these cases 1 ,0.0,neutral
72,72,1462846224248225792,1462845741152546819,1637604692000.0,2021-11-22 13:11:32,-500,,"and when the whole world saw you do what you did, there ain't no waiting on death row, you go straight to the front of the line #deathpenalty",en,['deathpenalty'],[],804067588057792514,804067588057792514,realmoonpup,moonpup,1,13,https://twitter.com/realmoonpup/status/1462846224248225792,[],[],0,,False,0,0,0,,None,,,,,,,[],,,,,and when the whole world saw you do what you did there aint no waiting on death row you go straight to the front of the line deathpenalty,0.2,positive
73,73,1462839682950127619,1462839682950127619,1637603133000.0,2021-11-22 12:45:33,-500,,"Brooks was a BLM supporter and had anti-Trump lyrics in his rap songs. In other words, Darrell Brooks is a black supremacist. Brooks is what the electric âš¡ chair was made for.  Are the Left going to justify his actions? #DarrellBrooks #DeathPenalty",en,"['darrellbrooks', 'deathpenalty']",[],1381636511767130113,1381636511767130113,BootsieMcboo,Bootsie Mcboo,1,12,https://twitter.com/BootsieMcboo/status/1462839682950127619,[],[],0,,False,0,0,0,https://twitter.com/beyouonlybetter/status/1462746242757410818,None,,,,,,,[],,,,,brooks was a blm supporter and had antitrump lyrics in his rap songs in other words darrell brooks is a black supremacist brooks is what the electric âš¡ chair was made for are the left going to justify his actions darrellbrooks deathpenalty,-0.09722222222222221,neutral
74,74,1462839212051341322,1462837819890491394,1637603021000.0,2021-11-22 12:43:41,-500,,We're fighting to end Oregon's death penalty. Join us if you believe capital punishment has no place in our state.  https://t.co/clM7vXWhPu #orpol #deathpenalty  https://t.co/fU6ZKSQKaY,en,"['orpol', 'deathpenalty']",[],373151147,373151147,OJRCenter,Oregon Justice Resource Center,1,12,https://twitter.com/OJRCenter/status/1462839212051341322,['https://ojrc.info/death-penalty'],['https://pbs.twimg.com/media/FE0MLh9VcAEuaYT.jpg'],1,https://pbs.twimg.com/media/FE0MLh9VcAEuaYT.jpg,False,10,0,3,,None,,,,,,,[],,,,,were fighting to end oregons death penalty join us if you believe capital punishment has no place in our state orpol deathpenalty ,0.0,neutral
75,75,1462837826362527746,1462837826362527746,1637602690000.0,2021-11-22 12:38:10,-500,,The #DeathPenalty should only be used in #extreme situations. Give the #turpinkids the #PeaceOfMind they #deserve after a life of #abuse @SupKarenSpiegel.. do your #job in your #oppressive #divisive #state of #California for #once. #Donate to @jayceedugard #fund!!,en,"['deathpenalty', 'extreme', 'turpinkids', 'peaceofmind', 'deserve', 'abuse', 'job', 'oppressive', 'divisive', 'state', 'california', 'once', 'donate', 'fund']",[],796214700337807361,796214700337807361,codestaked,lucaskeller.eth,1,12,https://twitter.com/codestaked/status/1462837826362527746,[],[],0,,False,0,0,0,,None,,,,,,,[],,,,,the deathpenalty should only be used in extreme situations give the turpinkids the peaceofmind they deserve after a life of abuse  do your job in your oppressive divisive state of california for once donate to fund,-0.09765625,neutral
76,76,1462835545793564674,1462835545793564674,1637602146000.0,2021-11-22 12:29:06,-500,,"Texas â€” A jury, on Thursday, sentenced #TyroneWilliams to death after about four hours of deliberating. Williams was convicted of the 2016 murder of Nicole Gonzales and her mother, Vicki Gonzales.  #deathpenalty #Texas",en,"['tyronewilliams', 'deathpenalty', 'texas']",[],1298473704016535555,1298473704016535555,DeathRowWatcher,Death Row Watcher,1,12,https://twitter.com/DeathRowWatcher/status/1462835545793564674,[],[],0,,False,4,0,1,,None,,,,,,,[],,,,,texas â€” a jury on thursday sentenced tyronewilliams to death after about four hours of deliberating williams was convicted of the 2016 murder of nicole gonzales and her mother vicki gonzales deathpenalty texas,0.0,neutral
77,77,1462832050885517322,1462832050885517322,1637601313000.0,2021-11-22 12:15:13,-500,,Bring back the #deathpenalty!!! And extreme Arab methods used to combat #theft that includes your hands and a poes sharp knife.,en,"['deathpenalty', 'theft']",[],1250918754499932161,1250918754499932161,LeadDriverSA,@Å‡â‚¬VÆ—ÅÅâ‚¬ Æ¤Å˜Æ—Å‡ÅÅÃ˜Ã˜ ğŸ‡®ğŸ‡± ğŸ´ó §ó ¢ó ³ó £ó ´ó ¿ ğŸ‡¬ğŸ‡·,1,12,https://twitter.com/LeadDriverSA/status/1462832050885517322,[],[],0,,False,0,0,0,,None,,,,,,,[],,,,,bring back the deathpenalty and extreme arab methods used to combat theft that includes your hands and a poes sharp knife,-0.08333333333333333,neutral
78,78,1462829822468673543,1462829822468673543,1637600782000.0,2021-11-22 12:06:22,-500,,The death penalty is a barbaric practice and needs to be ended immediately!  #endthedeathpenalty #nodeathpenalty #deathpenalty,en,"['endthedeathpenalty', 'nodeathpenalty', 'deathpenalty']",[],1039147308531834880,1039147308531834880,sean_usmc,Sean_farley,1,12,https://twitter.com/sean_usmc/status/1462829822468673543,[],[],0,,False,1,0,0,,None,,,,,,,[],,,,,the death penalty is a barbaric practice and needs to be ended immediately endthedeathpenalty nodeathpenalty deathpenalty,0.0,neutral
79,79,1462809797200429060,1462809797200429060,1637596008000.0,2021-11-22 10:46:48,-500,,"I was reluctant to comment on this, but I havenâ€™t been able to stop thinking about it all week. Itâ€™s wrong, and I have to speak out. This kind of behavior is part of why Iâ€™m against the #DeathPenalty. The state killing someone should never be pushed as a cheap tactic. #txlege 1/3",en,"['deathpenalty', 'txlege']",[],175847438,175847438,moodyforelpaso,Joe Moody,1,10,https://twitter.com/moodyforelpaso/status/1462809797200429060,[],[],0,,False,43,5,20,https://twitter.com/ktsmtv/status/1462058183258779659,None,,,,,,,[],,,,,i was reluctant to comment on this but i havenâ€™t been able to stop thinking about it all week itâ€™s wrong and i have to speak out this kind of behavior is part of why iâ€™m against the deathpenalty the state killing someone should never be pushed as a cheap tactic txlege 13,0.25,positive
80,80,1462767617429618710,1462767617429618710,1637585951000.0,2021-11-22 07:59:11,-500,,Migrant workers continue to be vulnerable to the #DeathPenalty. What are the risk factors that make them vulnerable?  Join us and @migrantcare to discuss this and more tomorrow (November 23) at 9:00 in the UK and 16:00 in Indonesia here ğŸ‘‰ğŸ¾  https://t.co/1FiRVWWDcJ,en,['deathpenalty'],[],19290985,19290985,Reprieve,Reprieve,1,7,https://twitter.com/Reprieve/status/1462767617429618710,['https://bit.ly/Report-Launching'],[],0,,False,8,0,11,https://twitter.com/LBHMasyarakat/status/1462733188715872260,None,,,,,,,[],,,,,migrant workers continue to be vulnerable to the deathpenalty what are the risk factors that make them vulnerable join us and to discuss this and more tomorrow november 23 at 900 in the uk and 1600 in indonesia here ğŸ‘‰ğŸ¾ ,-0.16666666666666666,negative
81,81,1462655442400677891,1462644958318379009,1637559206000.0,2021-11-22 00:33:26,-500,,@24hoursalove1 Why are you trying so hard to justify his actions? There is no rational excuse for what he's done. #deathpenalty,en,['deathpenalty'],[],1342732982742704128,1342732982742704128,2024PresElect,Based Father,1,0,https://twitter.com/2024PresElect/status/1462655442400677891,[],[],0,,False,2,0,0,,None,,,,,,,"[{'screen_name': '24hoursalove1', 'name': '24 hours a love', 'id': '1232836397779705856'}]",,,,, why are you trying so hard to justify his actions there is no rational excuse for what hes done deathpenalty,-0.17083333333333334,negative
82,82,1462641992358195206,1462641992358195206,1637556000000.0,2021-11-21 23:40:00,-500,,"""I applaud his commitment to seeking justice while providing the condemned an opportunity for redemption,"" said @ArchbishopOKC #DeathPenalty",en,['deathpenalty'],[],17136419,17136419,CatholicNewsSvc,Catholic News Service,7,23,https://twitter.com/CatholicNewsSvc/status/1462641992358195206,[],[],0,,False,10,1,1,https://twitter.com/FranciscanMedia/status/1461786674481045512,None,,,,,,,[],,,,,i applaud his commitment to seeking justice while providing the condemned an opportunity for redemption said deathpenalty,0.0,neutral
83,83,1462635462930149379,1462635462930149379,1637554443000.0,2021-11-21 23:14:03,-500,,Coming to hunt down the PM @JustinTrudeau soon! #CrimesAgainstHumanity #treason #deathpenalty,en,"['crimesagainsthumanity', 'treason', 'deathpenalty']",[],1415306934308200450,1415306934308200450,IMektin,Ivor Mektin,7,23,https://twitter.com/IMektin/status/1462635462930149379,[],[],0,,False,10,0,4,https://twitter.com/silviainsydney9/status/1462633375458467846,None,,,,,,,[],,,,,coming to hunt down the pm soon crimesagainsthumanity treason deathpenalty,-0.19444444444444448,negative
84,84,1462588793576378373,1462588793576378373,1637543316000.0,2021-11-21 20:08:36,-500,,Faith and politics collide in Gov. Kevin Stitt's decision to spare #JuliusJones' life.  https://t.co/o6At7NTyI4 @TheOklahoman_ @OKRelig @NuriaMKeel @janarhayes @DPInfoCtr #deathpenalty,en,"['juliusjones', 'deathpenalty']",[],2859022449,2859022449,RDunhamDPIC,Robert Dunham,7,20,https://twitter.com/RDunhamDPIC/status/1462588793576378373,['https://amp.oklahoman.com/amp/8650551002'],[],0,,False,13,0,9,,None,,,,,,,[],,,,,faith and politics collide in gov kevin stitts decision to spare juliusjones life  deathpenalty,0.0,neutral
85,85,1462548882479620097,1462548882479620097,1637533801000.0,2021-11-21 17:30:01,-500,,U.S. fashion designer Makenzie Stiles uses white leather in her fashion line Mercy. First Contemporary fashion line to incorporate Prison Art. Featuring Works by prison-artist C-Note  #SantanaRow #Stanford #49ers #deathpenalty #emergingartist #BayAreaArt   https://t.co/TAZ0O6CVJv,en,"['santanarow', 'stanford', '49ers', 'deathpenalty', 'emergingartist', 'bayareaart']",[],2340923810,2340923810,darealprisonart,darealprisonart,7,17,https://twitter.com/darealprisonart/status/1462548882479620097,['https://artlectron.in-two.com/darealprisonart/post/72304707'],[],0,,False,0,0,0,,None,,,,,,,[],,,,,us fashion designer makenzie stiles uses white leather in her fashion line mercy first contemporary fashion line to incorporate prison art featuring works by prisonartist cnote santanarow stanford 49ers deathpenalty emergingartist bayareaart ,0.13888888888888887,positive
86,86,1462441719199412224,1462441719199412224,1637508251000.0,2021-11-21 10:24:11,-500,,"AFSC has called for an end to capital punishment for decades, and while we have seen a decline in its use, 27 US states still have not abolished the #DeathPenalty.  https://t.co/o4ToCow6yF",en,['deathpenalty'],[],40323391,40323391,afsc_org,AFSC,7,10,https://twitter.com/afsc_org/status/1462441719199412224,['http://bit.ly/2nCaPhy'],[],0,,False,7,1,3,,None,,,,,,,[],,,,,afsc has called for an end to capital punishment for decades and while we have seen a decline in its use 27 us states still have not abolished the deathpenalty ,0.0,neutral
87,87,1462438747073654786,1462438747073654786,1637507542000.0,2021-11-21 10:12:22,-500,,"Mark Ruffalo is right.  The #DeathPenalty is wrong and nobody should support it. Rittenhouse doesn't have a right to make himself judge, jury, &amp; executioner. He didn't even know the backgrounds of the people he maimed or killed.",en,['deathpenalty'],[],57708120,57708120,NanInKansas,"Nan, RN. Vaxxed & Masked.",7,10,https://twitter.com/NanInKansas/status/1462438747073654786,[],[],0,,False,4,12,1,https://twitter.com/RealAdamK/status/1462189278134476801,None,,,,,,,[],,,,,mark ruffalo is right the deathpenalty is wrong and nobody should support it rittenhouse doesnt have a right to make himself judge jury amp executioner he didnt even know the backgrounds of the people he maimed or killed,-0.032142857142857154,neutral
88,88,1462438708649644042,1462438708649644042,1637507533000.0,2021-11-21 10:12:13,-500,,"ğŸ¤¡Makes perfect nonsense! #wakeup you are being lied to! Be fully informed, not fooly vaccinated! ğŸ¤¡ @fordnation @justintrudeau  #CrimesAgainstChildren #treason #deathpenalty",en,"['wakeup', 'crimesagainstchildren', 'treason', 'deathpenalty']",[],1415306934308200450,1415306934308200450,IMektin,Ivor Mektin,7,10,https://twitter.com/IMektin/status/1462438708649644042,[],[],0,,False,12,0,5,https://twitter.com/Dubfox3/status/1462435449562091533,None,,,,,,,[],,,,,ğŸ¤¡makes perfect nonsense wakeup you are being lied to be fully informed not fooly vaccinated ğŸ¤¡ crimesagainstchildren treason deathpenalty,1.0,positive
89,89,1462386010441007105,1462367551581741056,1637494969000.0,2021-11-21 06:42:49,-500,,"@paulg Even if ""only"" 1 out of 1,000 were innocent, yet convicted and executed, the #deathpenalty would be immoral.  Tragically, there are FAR more innocent people put to death than 1 in 1,000.  ""Just Mercy""by Bryon Stevenson is an eye-opening book on this  https://t.co/xyik7MXm2n",en,['deathpenalty'],[],11109032,11109032,mgav,Mark Gavagan,7,6,https://twitter.com/mgav/status/1462386010441007105,['https://guides.osu.edu/justmercy'],[],0,,False,1,0,0,,None,,,,,,,"[{'screen_name': 'paulg', 'name': 'Paul Graham', 'id': '183749519'}]",,,,, even if only 1 out of 1000 were innocent yet convicted and executed the deathpenalty would be immoral tragically there are far more innocent people put to death than 1 in 1000 just mercyby bryon stevenson is an eyeopening book on this ,0.32,positive
90,90,1462378682362777601,1462378682362777601,1637493222000.0,2021-11-21 06:13:42,-500,,Urge @POTUS  to commute all remaining federal death sentences and work with congress to pass the Federal #DeathPenalty Prohibition Act of 2021. Sign&amp;share our petition:  https://t.co/orlrAtERVl @AyannaPressley @CoriBush @SenatorDurbin @RepEspaillat  #EndTheDeathPenalty,en,"['deathpenalty', 'endthedeathpenalty']",[],837737528291647488,837737528291647488,DeathPenaltyAct,Death Penalty Action,7,6,https://twitter.com/DeathPenaltyAct/status/1462378682362777601,['https://actionnetwork.org/petitions/biden-demolish-the-death-chamber'],[],0,,False,33,0,28,,None,,,,,,,[],,,,,urge to commute all remaining federal death sentences and work with congress to pass the federal deathpenalty prohibition act of 2021 signampshare our petition endthedeathpenalty,0.0,neutral
91,91,1462364557415010304,1462364557415010304,1637489854000.0,2021-11-21 05:17:34,-500,,#Singapore | Nagaenthranâ€™s family set to sue Attorney-Generalâ€™s Chambers  https://t.co/LbByHU3I5V #nagaenthran #deathpenalty @MRavilaw #Malaysia  https://t.co/cHNTKCerIk,en,"['singapore', 'nagaenthran', 'deathpenalty', 'malaysia']",[],389416911,389416911,WebDPN,Death Penalty News,7,5,https://twitter.com/WebDPN/status/1462364557415010304,['https://deathpenaltynews.blogspot.com/2021/11/singapore-nagaenthrans-family-set-to.html?spref=tw'],['https://pbs.twimg.com/media/FEtcunkXoAg8AcV.jpg'],1,https://pbs.twimg.com/media/FEtcunkXoAg8AcV.jpg,False,6,0,4,,None,,,,,,,[],,,,,singapore  nagaenthranâ€™s family set to sue attorneygeneralâ€™s chambers nagaenthran deathpenalty malaysia ,0.0,neutral
92,92,1462353289165647873,1462353289165647873,1637487168000.0,2021-11-21 04:32:48,-500,,#Japan | Lawsuit seeks to halt execution of death row inmates without advance notice  https://t.co/papVgjKe6N #deathrow #deathpenalty  https://t.co/Ko613go0xk,en,"['japan', 'deathrow', 'deathpenalty']",[],389416911,389416911,WebDPN,Death Penalty News,7,4,https://twitter.com/WebDPN/status/1462353289165647873,['https://deathpenaltynews.blogspot.com/2021/11/japan-lawsuit-seeks-to-halt-execution.html?spref=tw'],['https://pbs.twimg.com/media/FEtSjprWUAQSDV0.jpg'],1,https://pbs.twimg.com/media/FEtSjprWUAQSDV0.jpg,False,0,0,1,,None,,,,,,,[],,,,,japan  lawsuit seeks to halt execution of death row inmates without advance notice deathrow deathpenalty ,0.0,neutral
93,93,1462322565477646336,1461442199678164995,1637479842000.0,2021-11-21 02:30:42,-500,,@mjrowland68 @nick_coatsworth The saddest thing about the gallows is that it was abolished. The fact idiots use it at demonstrations (both pro left &amp; pro right) is a sad reflection on the intellectual ability of a very small number of protesters. The #deathpenalty should still be available to the judiciary.,en,['deathpenalty'],[],2512158529,2512158529,Johnwr69,John Roy,7,2,https://twitter.com/Johnwr69/status/1462322565477646336,[],[],0,,False,0,0,0,,None,,,,,,,"[{'screen_name': 'mjrowland68', 'name': 'Michael Rowland', 'id': '14707794'}, {'screen_name': 'nick_coatsworth', 'name': 'Dr. Nick Coatsworth', 'id': '1287918892761755649'}]",,,,, the saddest thing about the gallows is that it was abolished the fact idiots use it at demonstrations both pro left amp pro right is a sad reflection on the intellectual ability of a very small number of protesters the deathpenalty should still be available to the judiciary,-0.09132653061224487,neutral
94,94,1462279737179521026,1462279737179521026,1637469631000.0,2021-11-20 23:40:31,-500,,Okla. governor grants clemency to Julius Jones hours before he was set to be executed  https://t.co/DBjw1V8wZL #deathpenalty #KevinCooper,en,"['deathpenalty', 'kevincooper']",[],22518134,22518134,beenasarwar,beena sarwar,6,23,https://twitter.com/beenasarwar/status/1462279737179521026,['https://bit.ly/dpklhjj'],[],0,,False,2,2,1,https://twitter.com/beenasarwar/status/560474297488404480,None,,,,,,,[],,,,,okla governor grants clemency to julius jones hours before he was set to be executed deathpenalty kevincooper,0.0,neutral
95,95,1462276378326441987,1462260481822019584,1637468831000.0,2021-11-20 23:27:11,-500,,"@48hours But in this case, Iâ€™m glad they caught this monster. Now What should happen is the death penalty, but instead the taxpayers have to pay for this murderer for the rest of his life. #deathpenalty #BurdenToTheStates",en,"['deathpenalty', 'burdentothestates']",[],4271726654,4271726654,ginniedj1,GinnieD.,6,23,https://twitter.com/ginniedj1/status/1462276378326441987,[],[],0,,False,0,0,0,,None,,,,,,,"[{'screen_name': '48hours', 'name': '48 Hours', 'id': '24943151'}]",,,,, but in this case iâ€™m glad they caught this monster now what should happen is the death penalty but instead the taxpayers have to pay for this murderer for the rest of his life deathpenalty burdentothestates,0.5,positive
96,96,1462256604003377158,1462229621810909186,1637464116000.0,2021-11-20 22:08:36,-500,,@LenMurphyPCBH @ramos21966 @9NewsSyd The abuse of a child is a monstrous transgressions that causes a lifelong injury. #DeathPenalty is fair. Thereâ€™s no need to burden society with the cost of keeping beasts alive.,en,['deathpenalty'],[],1429579477764431879,1429579477764431879,5H4174,5H4174 (Shaila),6,22,https://twitter.com/5H4174/status/1462256604003377158,[],[],0,,False,2,0,0,,None,,,,,,,"[{'screen_name': 'LenMurphyPCBH', 'name': 'Len Murphy', 'id': '1462014736799715331'}, {'screen_name': 'ramos21966', 'name': 'Wael', 'id': '1174901069895237632'}, {'screen_name': '9NewsSyd', 'name': '9News Sydney', 'id': '171802941'}]",,,,, the abuse of a child is a monstrous transgressions that causes a lifelong injury deathpenalty is fair thereâ€™s no need to burden society with the cost of keeping beasts alive,0.2333333333333333,positive
97,97,1462223096438345729,1462223096438345729,1637456127000.0,2021-11-20 19:55:27,-500,,Republicans across the country are joining the fight to end the #deathpenalty  @ACUConservative #Oklahoma #Ohio #Utah @justice4julius  https://t.co/G2s23BcUqf,en,"['deathpenalty', 'oklahoma', 'ohio', 'utah']",[],200972080,200972080,dbaich,dale baich,6,19,https://twitter.com/dbaich/status/1462223096438345729,['https://www.newsweek.com/republicans-across-country-are-joining-fight-against-death-penalty-opinion-1651290'],[],0,,False,35,3,11,,None,,,,,,,[],,,,,republicans across the country are joining the fight to end the deathpenalty oklahoma ohio utah ,0.0,neutral
98,98,1462215119136505857,1462215119136505857,1637454225000.0,2021-11-20 19:23:45,-500,,Opinion: Republicans across the country are joining the fight to end the #deathpenalty.  https://t.co/TTk01sTPr5 @Newsweek @dminor85 @CCATDP @EJUSA @DPInfoCtr,en,['deathpenalty'],[],2859022449,2859022449,RDunhamDPIC,Robert Dunham,6,19,https://twitter.com/RDunhamDPIC/status/1462215119136505857,['https://www.newsweek.com/republicans-across-country-are-joining-fight-against-death-penalty-opinion-1651290'],[],0,,False,26,0,15,,None,,,,,,,[],,,,,opinion republicans across the country are joining the fight to end the deathpenalty ,0.0,neutral
99,99,1462213308262539264,1462213308262539264,1637453793000.0,2021-11-20 19:16:33,-500,,Lawsuit seeks to halt execution of death row inmates in Japan without advance notice.  https://t.co/6SUtoVxhwj @japantimes @UNHumanRights @amnesty @DPInfoCtr @DeathPenaltyWW #deathpenalty,en,['deathpenalty'],[],2859022449,2859022449,RDunhamDPIC,Robert Dunham,6,19,https://twitter.com/RDunhamDPIC/status/1462213308262539264,['https://www.japantimes.co.jp/news/2021/11/20/national/media-national/japan-death-penalty-lawsuit-2/'],[],0,,False,6,0,4,,None,,,,,,,[],,,,,lawsuit seeks to halt execution of death row inmates in japan without advance notice deathpenalty,0.0,neutral
100,100,1462194201505013762,1462194201505013762,1637449238000.0,2021-11-20 18:00:38,-500,,Trauma runs deep in every aspect of the #deathpenalty. A man took that reality on when he volunteered as a spiritual advisor for two men executed by our federal government. Listen to this.    http:// https//podcasts.apple.com/us/podcast/the-experiment/id1549704404?i=1000541470910,en,['deathpenalty'],[],115477344,115477344,EJUSA,Equal Justice USA,6,18,https://twitter.com/EJUSA/status/1462194201505013762,[],[],0,,False,6,0,1,,None,,,,,,,[],,,,,trauma runs deep in every aspect of the deathpenalty a man took that reality on when he volunteered as a spiritual advisor for two men executed by our federal government listen to this http httpspodcastsapplecomuspodcasttheexperimentid1549704404i1000541470910,0.0,neutral
101,101,1462143333149683715,1462143333149683715,1637437110000.0,2021-11-20 14:38:30,-500,,"What kind of world we live in when you feel the death penalty is okay? You're no different then the person you're persecuting. In God's eyes, murder is murder. You will all have to answer God in the end, especially you so-called Christians. #deathpenalty",en,['deathpenalty'],[],1438965721841684482,1438965721841684482,Keepnupwithbren,KeepnUpWithBren,6,14,https://twitter.com/Keepnupwithbren/status/1462143333149683715,[],[],0,,False,0,0,0,,None,,,,,,,[],,,,,what kind of world we live in when you feel the death penalty is okay youre no different then the person youre persecuting in gods eyes murder is murder you will all have to answer god in the end especially you socalled christians deathpenalty,0.24727272727272726,positive
102,102,1462089713221869572,1462089713221869572,1637424326000.0,2021-11-20 11:05:26,-500,,Don't miss this moving conversation with Pervis Payne's sister and attorney about the Shelby County DA's decision to finally acknowledge his intellectual disability and remove his death sentence. #JoyandRelief #PervisPayne #deathpenalty,en,"['joyandrelief', 'pervispayne', 'deathpenalty']",[],126037106,126037106,Tndeathpenalty,TADP,6,11,https://twitter.com/Tndeathpenalty/status/1462089713221869572,[],[],0,,False,6,0,0,https://twitter.com/BNCNews/status/1461925871984553984,None,,,,,,,[],,,,,dont miss this moving conversation with pervis paynes sister and attorney about the shelby county das decision to finally acknowledge his intellectual disability and remove his death sentence joyandrelief pervispayne deathpenalty,0.15,positive
103,103,1462070821120262157,1462070821120262157,1637419822000.0,2021-11-20 09:50:22,-500,,"Sickening Evidence In Ghislaine Maxwell Trial Shows She â€˜Set Up VIP Elitesâ€™ With Kids To Rape â€“ enVolve  If you still donâ€™t understand, you better hurry up. The whole corrupt truth is coming. #savethechildren #deathpenalty #therealvirus   https://t.co/1zCCJGkhPG",en,"['savethechildren', 'deathpenalty', 'therealvirus']",[],731860316,731860316,CoachGAMangus,G.A. Mangus,6,9,https://twitter.com/CoachGAMangus/status/1462070821120262157,['https://en-volve.com/2021/11/16/sickening-evidence-in-ghislaine-maxwell-trial-shows-she-set-up-vip-elites-with-kids-to-rape/'],[],0,,False,6,0,2,,None,,,,,,,[],,,,,sickening evidence in ghislaine maxwell trial shows she â€˜set up vip elitesâ€™ with kids to rape â€“ envolve if you still donâ€™t understand you better hurry up the whole corrupt truth is coming savethechildren deathpenalty therealvirus ,-0.175,negative
104,104,1462070393641091075,1461542928841646083,1637419720000.0,2021-11-20 09:48:40,-500,,"@saint #PeteDavidson &amp; #KimKardashian prefect couple. She is studying to become a #lawyer. #OKGOV gave #JuliusJones #cemency over the #deathpenalty in light of #racistjurors calling him the #Nword &amp; that the should ""take him out back &amp; lynch him"" 20 yrsago final heard.",en,"['petedavidson', 'kimkardashian', 'lawyer', 'okgov', 'juliusjones', 'cemency', 'deathpenalty', 'racistjurors', 'nword']",[],805138786388705281,805138786388705281,Littlelittles17,#SustainableJane #Editor #SaveEarth #ShopMindfully,6,9,https://twitter.com/Littlelittles17/status/1462070393641091075,[],[],0,,False,0,0,0,,None,,,,,,,"[{'screen_name': 'saint', 'name': 'SAINT', 'id': '2426313439'}]",,,,, petedavidson amp kimkardashian prefect couple she is studying to become a lawyer okgov gave juliusjones cemency over the deathpenalty in light of racistjurors calling him the nword amp that the should take him out back amp lynch him 20 yrsago final heard,0.13333333333333333,positive
105,105,1462055281744138249,1462055281744138249,1637416117000.0,2021-11-20 08:48:37,-500,,Take action: Abolish the #deathpenalty once and for all! Urge your elected officials to permanently end this immoral and discriminatory policy!  https://t.co/v2PzlbkcBq,en,['deathpenalty'],[],1225394965989265408,1225394965989265408,PigtownProgress,Pigtown Progressives,6,8,https://twitter.com/PigtownProgress/status/1462055281744138249,['https://www.afsc.org/action/tell-congress-stop-federal-executions-and-eliminate-death-penalty?ms=SOC22TS1026HJ&snw=2&ref=7b20d3eb-49cc-41ed-9b1a-08da3a6ff0df'],[],0,,False,0,0,0,,None,,,,,,,[],,,,,take action abolish the deathpenalty once and for all urge your elected officials to permanently end this immoral and discriminatory policy ,0.15625,positive
106,106,1462050106170089473,1462050106170089473,1637414883000.0,2021-11-20 08:28:03,-500,,#ItsNotOk #YouMatter #TalkAboutIt  The former president talked about the â€œrule of lawâ€ but it was #FakeNews. The law is not â€œjustâ€ in every case. Often the guilty go free and the innocent go to jail. It is time for the #DeathPenalty to be abolished. @POTUS @helenprejean,en,"['itsnotok', 'youmatter', 'talkaboutit', 'fakenews', 'deathpenalty']",[],34445952,34445952,ckrx1,Charlie from Brooklyn,6,8,https://twitter.com/ckrx1/status/1462050106170089473,[],[],0,,False,1,0,0,https://twitter.com/ambermruffin/status/1461870102060535813,None,,,,,,,[],,,,,itsnotok youmatter talkaboutit the former president talked about the â€œrule of lawâ€ but it was fakenews the law is not â€œjustâ€ in every case often the guilty go free and the innocent go to jail it is time for the deathpenalty to be abolished ,0.06000000000000001,neutral
107,107,1462014847449649153,1462014847449649153,1637406477000.0,2021-11-20 06:07:57,-500,,"#Wisconsin Gov. Grieves Loss Of Life ğŸ™„, Pleads For #Peace &amp; #Justice After #KyleRittenhouse Verdict. Translation: Eat another shit sandwich anybody who thinks that sniveling, #RightWing #Maniac (redundant?) deserves to get the #DeathPenalty.  https://t.co/X3XRvzSQor",en,"['wisconsin', 'peace', 'justice', 'kylerittenhouse', 'rightwing', 'maniac', 'deathpenalty']",[],966878355814465537,966878355814465537,AnomiePotpourri,Anomie Potpourri,6,6,https://twitter.com/AnomiePotpourri/status/1462014847449649153,['https://www.huffpost.com/entry/tony-evers-grief-peace-just-kyle-rittenhouse_n_619843a7e4b0f398af057fb8?ncid=NEWSSTAND0001'],[],0,,False,0,0,0,,None,,,,,,,[],,,,,wisconsin gov grieves loss of life ğŸ™„ pleads for peace amp justice after kylerittenhouse verdict translation eat another shit sandwich anybody who thinks that sniveling rightwing maniac redundant deserves to get the deathpenalty ,-0.2,negative
108,108,1461967340556496897,1461967340556496897,1637395150000.0,2021-11-20 02:59:10,-500,,"#Kuwait/#Ø§Ù„ÙƒÙˆÙŠØª : High time for introducing HRs reforms.  -&gt; Establish a de jure moratorium on #deathpenalty, with aim to its abolition  -&gt; Criminalize #domestic violence &amp; combat GBV or discrimination based on gender - ensure equality in divorce, inheritance &amp; nationality  https://t.co/X7U5YscYrL",en,"['kuwait', 'Ø§Ù„ÙƒÙˆÙŠØª', 'deathpenalty', 'domestic']",[],280230846,280230846,josephalafac,Joseph (il/lui) #YÃ¼zde37Zam,6,2,https://twitter.com/josephalafac/status/1461967340556496897,[],['https://pbs.twimg.com/media/FEnzjCvXIAIOs1O.jpg'],1,https://pbs.twimg.com/media/FEnzjCvXIAIOs1O.jpg,False,0,1,0,,None,,,,,,,[],,,,,kuwaitØ§Ù„ÙƒÙˆÙŠØª  high time for introducing hrs reforms gt establish a de jure moratorium on deathpenalty with aim to its abolition gt criminalize domestic violence amp combat gbv or discrimination based on gender  ensure equality in divorce inheritance amp nationality ,0.08,neutral
109,109,1461955050935394306,1461955050935394306,1637392220000.0,2021-11-20 02:10:20,-500,,Julius Jones was spared by a governor who prayed. Let's all now pray to end the death penalty. #deathpenalty  https://t.co/vqzLVTEx4J via @RNS,en,['deathpenalty'],[],418789148,418789148,CitiesforLife,Cities for Life,6,2,https://twitter.com/CitiesforLife/status/1461955050935394306,['https://religionnews.com/2021/11/19/julius-jones-was-spared-by-a-governor-who-prayed-lets-all-now-pray-to-end-the-death-penalty/'],[],0,,False,4,0,3,,None,,,,,,,[],,,,,julius jones was spared by a governor who prayed lets all now pray to end the death penalty deathpenalty via ,0.0,neutral
110,110,1461903576213639177,1461903576213639177,1637379948000.0,2021-11-19 22:45:48,-500,,"You might wanna know, the Bible also mentions the ""virtues"" of #homophobia &amp; #sexism, &amp; endorses the #deathpenalty for disobedient children &amp; premarital sex. Also, a rapist has to be forced to marry his victim, cuz she's ""damaged goods"" (per Valerie Tarico).",en,"['homophobia', 'sexism', 'deathpenalty']",[],1378863269042126850,1378863269042126850,RWare7,Richard WareğŸŒ (â¤s Greta Thunberg & SustnbL #Meat),5,22,https://twitter.com/RWare7/status/1461903576213639177,[],[],0,,False,0,0,0,https://twitter.com/JohnCollins_KP/status/1461870495280869376,None,,,,,,,[],,,,,you might wanna know the bible also mentions the virtues of homophobia amp sexism amp endorses the deathpenalty for disobedient children amp premarital sex also a rapist has to be forced to marry his victim cuz shes damaged goods per valerie tarico,-0.18750000000000003,negative
111,111,1461881238336253965,1461881238336253965,1637374622000.0,2021-11-19 21:17:02,-500,,#JuliusJones was spared by a governor who prayed. Let's all now pray to end the #DeathPenalty. #StopExecutions  https://t.co/riY8I2spFG via @RNS @JuliusOklahoma @justice4julius @JuliusJonesWalk #justiceforjulius #JuliusJones,en,"['juliusjones', 'deathpenalty', 'stopexecutions', 'justiceforjulius', 'juliusjones']",[],837737528291647488,837737528291647488,DeathPenaltyAct,Death Penalty Action,5,21,https://twitter.com/DeathPenaltyAct/status/1461881238336253965,['https://religionnews.com/2021/11/19/julius-jones-was-spared-by-a-governor-who-prayed-lets-all-now-pray-to-end-the-death-penalty/'],[],0,,False,38,0,8,,None,,,,,,,[],,,,,juliusjones was spared by a governor who prayed lets all now pray to end the deathpenalty stopexecutions via justiceforjulius juliusjones,0.0,neutral
112,112,1461875024168685585,1461875024168685585,1637373140000.0,2021-11-19 20:52:20,-500,,#JuliusJones was spared by a governor who prayed. Let's all now pray to end the #deathpenalty.  https://t.co/9MjSlLfnBU @washingtonpost @RNS @ShaneClaiborne @RedLetterXians @PFADP @DPInfoCtr,en,"['juliusjones', 'deathpenalty']",[],2859022449,2859022449,RDunhamDPIC,Robert Dunham,5,20,https://twitter.com/RDunhamDPIC/status/1461875024168685585,['https://www.washingtonpost.com/religion/julius-jones-was-spared-by-a-governor-who-prayed-lets-all-now-pray-to-end-the-death-penalty/2021/11/19/a16a695a-4999-11ec-beca-3cc7103bd814_story.html'],[],0,,False,49,0,7,,None,,,,,,,[],,,,,juliusjones was spared by a governor who prayed lets all now pray to end the deathpenalty ,0.0,neutral
113,113,1461827034221617156,1461827034221617156,1637361699000.0,2021-11-19 17:41:39,-500,,#Texas prosecutors vow to re-try #BillyChemirmir after judge declares mistrial in capital murder case.  https://t.co/G1JksGkhDc @dallasnews @TCADPdotORG @TexDefender @DPInfoCtr #deathpenalty,en,"['texas', 'billychemirmir', 'deathpenalty']",[],2859022449,2859022449,RDunhamDPIC,Robert Dunham,5,17,https://twitter.com/RDunhamDPIC/status/1461827034221617156,['https://www.dallasnews.com/news/courts/2021/11/19/judge-denies-request-by-defense-for-mistrial-in-chemirmir-trial-tells-deadlocked-jury-to-press-on/'],[],0,,False,0,0,0,,None,,,,,,,[],,,,,texas prosecutors vow to retry billychemirmir after judge declares mistrial in capital murder case deathpenalty,0.0,neutral
